time_s,channel_MHz,signal_dBm,noise_dBm
0.088729,5210,-78.045835,-93.965985
0.088729,5210,-77.582769,-93.965985
0.088729,5210,-80.539553,-93.965985
0.088729,5210,-79.090166,-93.965985
0.088729,5210,-74.319608,-93.965985
0.088729,5210,-81.913150,-93.965985
0.088729,5210,-79.391401,-93.965985
0.120426,5210,-76.729945,-83.999871
0.120426,5210,-74.275648,-85.967122
0.120426,5210,-72.494401,-79.151651
0.120426,5210,-76.718766,-93.965985
0.120426,5210,-73.862648,-93.965985
0.120426,5210,-78.505318,-93.965985
0.120486,5210,-76.994653,-93.965985
0.120486,5210,-76.152157,-93.965985
0.120486,5210,-79.906169,-93.965985
0.120486,5210,-74.577702,-93.965985
0.120486,5210,-75.875873,-93.965985
0.120486,5210,-79.461495,-93.965985
0.120486,5210,-75.893407,-93.965985
0.120744,5210,-73.728052,-93.965985
0.120744,5210,-73.998475,-93.965985
0.120744,5210,-77.008324,-93.965985
0.120744,5210,-76.621224,-93.965985
0.120744,5210,-78.228621,-93.965985
0.120744,5210,-78.195620,-93.965985
0.120744,5210,-81.602338,-93.965985
0.120804,5210,-78.690855,-93.965985
0.120804,5210,-79.255710,-93.965985
0.120804,5210,-75.222864,-93.965985
0.120804,5210,-79.117573,-93.965985
0.120804,5210,-75.598840,-93.965985
0.120804,5210,-78.261616,-93.965985
0.120804,5210,-79.169188,-93.965985
0.120804,5210,-77.951322,-93.965985
0.120872,5210,-75.607056,-93.965985
0.120872,5210,-74.938443,-93.965985
0.120872,5210,-79.494648,-93.965985
0.120872,5210,-78.030721,-93.965985
0.120872,5210,-79.403575,-93.965985
0.121074,5210,-80.848055,-93.965985
0.121074,5210,-76.724932,-93.965985
0.121074,5210,-76.626557,-93.965985
0.121074,5210,-75.624089,-93.965985
0.121074,5210,-76.015417,-93.965985
0.121074,5210,-75.886787,-93.965985
0.121074,5210,-77.849960,-93.965985
0.121134,5210,-73.688065,-93.965985
0.121134,5210,-79.968240,-93.965985
0.121134,5210,-74.986346,-93.965985
0.121134,5210,-80.876639,-93.965985
0.121134,5210,-77.095415,-93.965985
0.121134,5210,-74.052105,-93.965985
0.121134,5210,-77.273743,-93.965985
0.121330,5210,-79.082005,-93.965985
0.121330,5210,-78.158602,-93.965985
0.121330,5210,-76.464962,-93.965985
0.121330,5210,-75.613383,-93.965985
0.121330,5210,-74.222391,-93.965985
0.121330,5210,-81.176021,-93.965985
0.121330,5210,-80.566156,-93.965985
0.121390,5210,-80.219639,-93.965985
0.121390,5210,-76.737621,-93.965985
0.121390,5210,-76.560936,-93.965985
0.121390,5210,-78.517570,-93.965985
0.121390,5210,-76.016426,-93.965985
0.121390,5210,-80.030926,-93.965985
0.121458,5210,-74.580585,-93.965985
0.121458,5210,-76.992565,-93.965985
0.121458,5210,-80.666557,-93.965985
0.121458,5210,-79.181590,-93.965985
0.121458,5210,-75.861375,-93.965985
0.121458,5210,-70.817565,-93.965985
0.121678,5210,-72.994369,-79.183637
0.121678,5210,-80.509768,-93.965985
0.121678,5210,-71.955353,-93.965985
0.121738,5210,-76.281944,-93.965985
0.121738,5210,-77.663872,-93.965985
0.121738,5210,-73.438553,-93.965985
0.121738,5210,-73.698728,-93.965985
0.121738,5210,-76.567710,-93.965985
0.121738,5210,-77.994760,-93.965985
0.121738,5210,-75.718191,-93.965985
0.121806,5210,-79.997988,-93.965985
0.121806,5210,-79.852176,-93.965985
0.121806,5210,-75.959165,-93.965985
0.121806,5210,-77.884076,-93.965985
0.121806,5210,-77.572298,-93.965985
0.121806,5210,-74.086081,-93.965985
0.121806,5210,-78.214232,-93.965985
0.121806,5210,-75.111498,-93.965985
0.121806,5210,-81.295338,-93.965985
0.122064,5210,-80.850871,-93.965985
0.122064,5210,-75.372540,-93.965985
0.122064,5210,-75.792848,-93.965985
0.122064,5210,-77.603865,-93.965985
0.122064,5210,-81.100423,-93.965985
0.122064,5210,-79.800982,-93.965985
0.122064,5210,-76.265029,-93.965985
0.122064,5210,-74.909183,-93.965985
0.122064,5210,-77.157577,-93.965985
0.122124,5210,-72.581214,-93.965985
0.122124,5210,-73.513895,-93.965985
0.122124,5210,-77.982622,-93.965985
0.122124,5210,-72.569825,-93.965985
0.122124,5210,-76.604772,-93.965985
0.122124,5210,-79.657854,-93.965985
0.122124,5210,-79.816194,-93.965985
0.122192,5210,-77.784889,-93.965985
0.122192,5210,-77.933849,-93.965985
0.122192,5210,-79.858744,-93.965985
0.122192,5210,-77.146570,-93.965985
0.122192,5210,-76.328305,-93.965985
0.122192,5210,-72.545485,-93.965985
0.122403,5210,-74.365077,-93.965985
0.122403,5210,-78.081749,-93.965985
0.122403,5210,-72.599116,-93.965985
0.122403,5210,-77.950951,-93.965985
0.122403,5210,-81.038656,-93.965985
0.122403,5210,-80.430910,-93.965985
0.122403,5210,-78.130829,-93.965985
0.122463,5210,-76.054922,-93.965985
0.122463,5210,-80.754064,-93.965985
0.122463,5210,-73.434420,-93.965985
0.122463,5210,-78.409153,-93.965985
0.122463,5210,-75.988887,-93.965985
0.122463,5210,-78.686882,-93.965985
0.122463,5210,-76.232561,-93.965985
0.122463,5210,-70.011865,-93.965985
0.122531,5210,-79.303287,-93.965985
0.122531,5210,-76.964972,-93.965985
0.122531,5210,-81.200273,-93.965985
0.122531,5210,-74.145311,-93.965985
0.122531,5210,-76.183173,-93.965985
0.122531,5210,-75.674282,-93.965985
0.122531,5210,-78.246111,-93.965985
0.122733,5210,-76.185652,-81.054352
0.122733,5210,-79.721306,-85.440577
0.123034,5210,-78.377556,-82.877284
0.123034,5210,-77.231535,-87.888620
0.123092,5210,-74.603308,-93.965985
0.123348,5210,-75.503752,-76.312207
0.123348,5210,-76.699451,-76.343983
0.123348,5210,-79.911338,-82.501831
0.123348,5210,-75.377699,-78.586285
0.123413,5210,-79.637341,-93.965985
0.123633,5210,-74.272672,-93.965985
0.123633,5210,-77.530352,-93.965985
0.123633,5210,-78.366408,-93.965985
0.123633,5210,-79.376667,-93.965985
0.123633,5210,-77.682281,-93.965985
0.123633,5210,-73.501448,-93.965985
0.123633,5210,-78.215976,-93.965985
0.123693,5210,-81.477454,-93.965985
0.123693,5210,-74.971792,-93.965985
0.123693,5210,-79.198325,-93.965985
0.123693,5210,-75.973258,-93.965985
0.123693,5210,-75.686965,-93.965985
0.123693,5210,-74.993035,-93.965985
0.123693,5210,-75.298410,-93.965985
0.123693,5210,-77.570928,-93.965985
0.123761,5210,-78.579840,-93.965985
0.123761,5210,-80.298353,-93.965985
0.123761,5210,-78.135229,-93.965985
0.123761,5210,-79.364936,-93.965985
0.123761,5210,-78.637922,-93.965985
0.123761,5210,-79.881914,-93.965985
0.123761,5210,-79.644924,-93.965985
0.123963,5210,-73.707173,-93.965985
0.123963,5210,-76.237480,-93.965985
0.123963,5210,-74.680193,-93.965985
0.123963,5210,-81.976081,-93.965985
0.123963,5210,-76.976839,-93.965985
0.123963,5210,-76.407294,-93.965985
0.123963,5210,-78.007937,-93.965985
0.123963,5210,-81.365492,-93.965985
0.124023,5210,-77.739739,-93.965985
0.124023,5210,-75.034956,-93.965985
0.124023,5210,-76.959137,-93.965985
0.124023,5210,-78.759222,-93.965985
0.124023,5210,-80.121263,-93.965985
0.124023,5210,-81.129489,-93.965985
0.124023,5210,-73.434203,-93.965985
0.124091,5210,-78.135415,-93.965985
0.124091,5210,-78.112270,-93.965985
0.124091,5210,-73.262421,-93.965985
0.124091,5210,-80.629054,-93.965985
0.124091,5210,-79.685354,-93.965985
0.124091,5210,-75.206081,-93.965985
0.124091,5210,-73.072182,-93.965985
0.124091,5210,-69.976640,-93.965985
0.124385,5210,-74.483256,-93.965985
0.124385,5210,-76.112721,-93.965985
0.124385,5210,-77.926233,-93.965985
0.124385,5210,-78.692584,-93.965985
0.124385,5210,-76.637649,-93.965985
0.124385,5210,-73.485092,-93.965985
0.124385,5210,-73.740751,-93.965985
0.124445,5210,-74.140528,-93.965985
0.124445,5210,-77.540654,-93.965985
0.124445,5210,-76.543466,-93.965985
0.124445,5210,-79.159913,-93.965985
0.124445,5210,-73.310569,-93.965985
0.124445,5210,-78.518959,-93.965985
0.124685,5210,-75.888218,-93.965985
0.124685,5210,-78.606398,-93.965985
0.124685,5210,-78.911802,-93.965985
0.124685,5210,-72.209495,-93.965985
0.124685,5210,-75.206887,-93.965985
0.124685,5210,-72.757992,-93.965985
0.124685,5210,-79.975389,-93.965985
0.124745,5210,-74.137212,-93.965985
0.124745,5210,-75.328441,-93.965985
0.124745,5210,-78.874695,-93.965985
0.124745,5210,-75.141239,-93.965985
0.124745,5210,-78.493266,-93.965985
0.124745,5210,-77.213904,-93.965985
0.124745,5210,-74.184878,-93.965985
0.124745,5210,-77.433433,-93.965985
0.124985,5210,-76.378464,-93.965985
0.124985,5210,-81.620849,-93.965985
0.124985,5210,-75.921318,-93.965985
0.124985,5210,-79.728605,-93.965985
0.124985,5210,-78.584024,-93.965985
0.124985,5210,-75.991042,-93.965985
0.124985,5210,-73.914963,-93.965985
0.125279,5210,-78.087599,-93.965985
0.125279,5210,-72.664304,-93.965985
0.125279,5210,-79.771689,-93.965985
0.125279,5210,-77.163895,-93.965985
0.125279,5210,-77.623280,-93.965985
0.125279,5210,-77.282492,-93.965985
0.125279,5210,-80.288494,-93.965985
0.125339,5210,-79.912604,-93.965985
0.125339,5210,-78.486333,-93.965985
0.125339,5210,-78.334098,-93.965985
0.125339,5210,-78.220330,-93.965985
0.125339,5210,-73.808289,-93.965985
0.125573,5210,-77.019733,-93.965985
0.125573,5210,-73.300370,-93.965985
0.125573,5210,-77.102601,-93.965985
0.125573,5210,-77.967331,-93.965985
0.125573,5210,-78.173269,-93.965985
0.125573,5210,-81.959849,-93.965985
0.125573,5210,-81.752832,-93.965985
0.125573,5210,-81.408128,-93.965985
0.125633,5210,-78.999626,-93.965985
0.125633,5210,-77.600586,-93.965985
0.125633,5210,-77.739046,-93.965985
0.125633,5210,-79.321582,-93.965985
0.125633,5210,-79.904595,-93.965985
0.125633,5210,-78.013805,-93.965985
0.125633,5210,-76.266127,-93.965985
0.125701,5210,-70.917617,-93.965985
0.125701,5210,-78.748473,-93.965985
0.125701,5210,-75.532931,-93.965985
0.125701,5210,-73.752309,-93.965985
0.125701,5210,-78.762870,-93.965985
0.125701,5210,-78.057874,-93.965985
0.125701,5210,-75.708972,-93.965985
0.125701,5210,-80.509471,-93.965985
0.191129,5210,-78.520925,-93.965985
0.191129,5210,-72.257302,-93.965985
0.191129,5210,-76.534143,-93.965985
0.191129,5210,-80.170967,-93.965985
0.240174,5210,-74.441881,-93.965985
0.240174,5210,-80.295041,-93.965985
0.240174,5210,-80.830125,-93.965985
0.240174,5210,-79.065081,-93.965985
0.240174,5210,-81.358328,-93.965985
0.240234,5210,-77.593196,-93.965985
0.240234,5210,-76.742116,-93.965985
0.240234,5210,-78.119129,-93.965985
0.240234,5210,-76.355225,-93.965985
0.240234,5210,-78.113060,-93.965985
0.240234,5210,-80.001933,-93.965985
0.240302,5210,-73.802812,-93.965985
0.240302,5210,-77.221295,-93.965985
0.240560,5210,-79.932812,-93.965985
0.240560,5210,-81.797501,-93.965985
0.240560,5210,-77.016653,-93.965985
0.240560,5210,-76.807753,-93.965985
0.240560,5210,-80.403737,-93.965985
0.240560,5210,-77.563086,-93.965985
0.240926,5210,-77.595932,-93.965985
0.240926,5210,-73.311016,-93.965985
0.240926,5210,-75.457235,-93.965985
0.240926,5210,-76.236591,-93.965985
0.240926,5210,-78.372119,-93.965985
0.240926,5210,-79.046246,-93.965985
0.240926,5210,-76.218175,-93.965985
0.241274,5210,-78.537170,-93.965985
0.241274,5210,-75.048626,-93.965985
0.241274,5210,-78.414338,-93.965985
0.241274,5210,-75.482189,-93.965985
0.241274,5210,-81.967514,-93.965985
0.241274,5210,-81.384176,-93.965985
0.241334,5210,-76.355416,-93.965985
0.241334,5210,-79.114042,-93.965985
0.241334,5210,-78.140923,-93.965985
0.241402,5210,-80.928457,-93.965985
0.241402,5210,-78.382984,-93.965985
0.241402,5210,-74.858921,-93.965985
0.241402,5210,-80.006039,-93.965985
0.241402,5210,-81.692865,-93.965985
0.241402,5210,-80.987601,-93.965985
0.241402,5210,-81.692292,-93.965985
0.241402,5210,-77.128473,-93.965985
0.293529,5210,-79.477971,-93.965985
0.293529,5210,-79.017367,-93.965985
0.293529,5210,-77.599126,-93.965985
0.293529,5210,-73.526025,-93.965985
0.293529,5210,-74.002355,-93.965985
0.293529,5210,-77.828052,-93.965985
0.293529,5210,-78.466786,-93.965985
0.360169,5210,-76.219024,-93.965985
0.360169,5210,-80.024719,-93.965985
0.360229,5210,-81.325166,-93.965985
0.360229,5210,-80.181058,-93.965985
0.360229,5210,-74.968870,-93.965985
0.360229,5210,-74.261063,-93.965985
0.360297,5210,-77.820187,-93.965985
0.360297,5210,-76.116064,-93.965985
0.360297,5210,-79.860996,-93.965985
0.360555,5210,-73.620189,-93.965985
0.360555,5210,-79.635048,-93.965985
0.360555,5210,-74.342160,-93.965985
0.360555,5210,-78.189784,-93.965985
0.360555,5210,-76.918187,-93.965985
0.360615,5210,-75.212463,-93.965985
0.360615,5210,-75.214004,-93.965985
0.360615,5210,-77.184342,-93.965985
0.360683,5210,-78.572623,-93.965985
0.360683,5210,-81.977862,-93.965985
0.360683,5210,-78.257077,-93.965985
0.360683,5210,-77.923560,-93.965985
0.360683,5210,-81.716616,-93.965985
0.395929,5210,-77.561616,-93.965985
0.395929,5210,-74.553099,-93.965985
0.395929,5210,-72.681656,-93.965985
0.395929,5210,-79.427847,-93.965985
0.395929,5210,-75.179143,-93.965985
0.498329,5210,-77.273682,-93.965985
0.498329,5210,-77.254468,-93.965985
0.600729,5210,-76.349653,-93.965985
0.703129,5210,-75.863150,-93.965985
0.805529,5210,-72.452725,-93.965985
1.010329,5210,-80.376117,-93.965985
1.010329,5210,-81.854302,-93.965985
1.112729,5210,-79.325100,-93.965985
1.112729,5210,-78.811839,-93.965985
1.112729,5210,-80.843220,-93.965985
1.112729,5210,-81.068334,-93.965985
1.215129,5210,-75.482832,-93.965985
1.215129,5210,-74.965896,-93.965985
1.215129,5210,-72.173224,-93.965985
1.317529,5210,-69.948084,-93.965985
1.317529,5210,-77.869717,-93.965985
1.317529,5210,-78.205480,-93.965985
1.317529,5210,-81.289254,-93.965985
1.419929,5210,-74.214746,-93.965985
1.419929,5210,-79.465530,-93.965985
1.522329,5210,-75.917960,-93.965985
1.522329,5210,-75.785026,-93.965985
1.522329,5210,-76.698712,-93.965985
1.522329,5210,-80.914669,-93.965985
1.558242,5210,-81.985101,-93.965985
1.559293,5210,-81.125837,-93.965985
1.624729,5210,-77.139428,-93.965985
1.624729,5210,-80.002767,-93.965985
1.624729,5210,-75.566672,-93.965985
1.624729,5210,-79.458951,-93.965985
1.727129,5210,-76.895002,-93.965985
1.727129,5210,-78.074059,-93.965985
1.829529,5210,-75.617492,-93.965985
1.931929,5210,-76.903143,-93.965985
1.931929,5210,-76.416341,-93.965985
1.931929,5210,-79.139941,-93.965985
2.002077,5210,-73.717984,-93.060770
2.002376,5210,-77.153748,-93.965985
2.002376,5210,-77.491666,-93.965985
2.002666,5210,-74.654881,-93.965985
2.002666,5210,-79.569298,-93.965985
2.003079,5210,-74.270255,-93.965985
2.003079,5210,-77.640679,-91.697988
2.003294,5210,-80.022861,-93.965985
2.003294,5210,-80.189461,-93.965985
2.003898,5210,-77.507965,-93.965985
2.004076,5210,-78.388543,-80.402185
2.004262,5210,-72.674356,-93.965985
2.004262,5210,-80.918390,-93.965985
2.004441,5210,-77.060230,-93.965985
2.004441,5210,-79.939590,-93.965985
2.004501,5210,-77.963394,-93.965985
2.004686,5210,-81.460635,-93.965985
2.004746,5210,-75.848712,-93.965985
2.004746,5210,-74.666984,-93.965985
2.005207,5210,-79.484788,-93.965985
2.005207,5210,-73.700180,-93.965985
2.005207,5210,-80.573032,-93.965985
2.005267,5210,-77.728253,-93.965985
2.005267,5210,-81.105034,-93.965985
2.005386,5210,-73.720319,-93.965985
2.005446,5210,-76.174989,-93.965985
2.005587,5210,-78.942989,-87.945385
2.005587,5210,-78.879020,-87.945385
2.005635,5210,-79.446580,-87.945385
2.005836,5210,-79.888496,-87.945385
2.005884,5210,-73.083992,-87.945385
2.005884,5210,-80.265208,-87.945385
2.006066,5210,-78.557749,-93.965985
2.006195,5210,-75.732837,-93.965985
2.006374,5210,-74.409173,-93.965985
2.006374,5210,-78.502160,-93.965985
2.006434,5210,-80.531940,-93.965985
2.006434,5210,-79.930538,-93.965985
2.006661,5210,-78.564944,-93.965985
2.006661,5210,-77.753875,-93.965985
2.006721,5210,-76.046018,-93.965985
2.006721,5210,-74.662327,-93.965985
2.006840,5210,-79.505951,-93.965985
2.006840,5210,-75.705408,-93.965985
2.007073,5210,-77.080927,-93.965985
2.007073,5210,-78.984664,-93.965985
2.007133,5210,-76.238408,-93.965985
2.007133,5210,-77.051179,-93.965985
2.007133,5210,-77.489685,-93.965985
2.007489,5210,-79.196659,-80.593263
2.007505,5210,-79.404535,-87.945385
2.007549,5210,-74.871447,-93.965985
2.007549,5210,-81.022171,-93.965985
2.007718,5210,-79.795620,-87.945385
2.007718,5210,-74.720774,-87.945385
2.007718,5210,-78.702407,-87.945385
2.007766,5210,-71.283004,-87.945385
2.007766,5210,-77.350602,-87.945385
2.007898,5210,-72.937722,-87.945385
2.007946,5210,-78.419068,-87.945385
2.007946,5210,-81.819543,-87.945385
2.008325,5210,-81.867062,-87.945385
2.008325,5210,-80.199903,-87.945385
2.008385,5210,-77.429201,-87.945385
2.008385,5210,-77.478223,-87.945385
2.008385,5210,-80.804702,-87.945385
2.008803,5210,-74.166285,-93.965985
2.008803,5210,-81.299519,-93.965985
2.008863,5210,-73.997097,-93.965985
2.008982,5210,-81.440017,-93.965985
2.008982,5210,-77.906948,-93.965985
2.009093,5210,-74.400194,-93.965985
2.009299,5210,-74.558925,-93.965985
2.009626,5210,-76.724407,-93.965985
2.010003,5210,-74.186150,-93.965985
2.010003,5210,-79.711333,-93.965985
2.010312,5210,-80.025512,-87.945385
2.010312,5210,-79.950632,-87.945385
2.010651,5210,-76.886356,-87.945385
2.011421,5210,-81.130445,-93.965985
2.011725,5210,-74.427283,-87.945385
2.011725,5210,-78.341033,-87.945385
2.011773,5210,-75.069227,-87.945385
2.012107,5210,-78.617748,-93.965985
2.013231,5210,-73.729192,-93.965985
2.014476,5210,-78.920404,-87.945385
2.014692,5210,-75.393921,-87.945385
2.015295,5210,-79.890515,-87.945385
2.015375,5210,-77.050293,-93.965985
2.015375,5210,-74.943270,-93.965985
2.015714,5210,-74.292892,-87.945385
2.017199,5210,-79.416108,-87.945385
2.018017,5210,-79.877283,-88.521967
2.018017,5210,-78.192163,-93.965985
2.018077,5210,-74.029329,-93.965985
2.018077,5210,-79.276093,-93.965985
2.019373,5210,-75.486768,-87.945385
2.022942,5210,-79.146120,-87.945385
2.023203,5210,-80.765683,-87.945385
2.023667,5210,-76.207638,-87.945385
2.023849,5210,-81.315731,-93.965985
2.023849,5210,-77.060963,-93.965985
2.024198,5210,-77.532259,-87.945385
2.024378,5210,-76.066763,-87.945385
2.026124,5210,-75.140939,-87.945385
2.029085,5210,-81.848205,-87.945385
2.029085,5210,-79.820835,-87.945385
2.029145,5210,-77.233051,-87.945385
2.029145,5210,-78.341202,-87.945385
2.029145,5210,-80.913149,-87.945385
2.029282,5210,-78.273260,-93.965985
2.029282,5210,-78.048685,-93.965985
2.029342,5210,-79.270063,-93.965985
2.029342,5210,-78.921358,-93.965985
2.029847,5210,-80.882018,-87.945385
2.029847,5210,-80.882018,-87.945385
2.029847,5210,-80.882018,-87.945385
2.029847,5210,-81.010484,-87.945385
2.029847,5210,-81.010484,-87.945385
2.029847,5210,-81.010484,-87.945385
2.029907,5210,-76.162181,-87.945385
2.030254,5210,-81.959728,-87.945385
2.030314,5210,-77.860508,-87.945385
2.030679,5210,-76.857245,-87.945385
2.031221,5210,-78.082085,-87.945385
2.031385,5210,-75.686738,-87.945385
2.031385,5210,-81.364788,-87.945385
2.032428,5210,-75.135226,-87.945385
2.032428,5210,-78.409865,-87.945385
2.032476,5210,-74.346170,-87.945385
2.033016,5210,-78.492170,-87.945385
2.033064,5210,-76.016973,-87.945385
2.033633,5210,-76.266766,-87.945385
2.033633,5210,-79.874894,-87.945385
2.033693,5210,-81.837295,-87.945385
2.033693,5210,-79.519962,-87.945385
2.034329,5210,-77.294969,-93.965985
2.034593,5210,-77.470168,-87.945385
2.034593,5210,-77.356024,-87.945385
2.034641,5210,-76.943787,-87.945385
2.034872,5210,-75.657255,-87.945385
2.034872,5210,-75.657255,-87.945385
2.034920,5210,-79.284714,-87.945385
2.034920,5210,-78.192349,-87.945385
2.035813,5210,-79.835993,-87.945385
2.035813,5210,-81.798067,-87.945385
2.035873,5210,-79.328676,-87.945385
2.040114,5210,-73.518018,-87.945385
2.040566,5210,-71.926020,-87.945385
2.040610,5210,-74.333899,-87.945385
2.041064,5210,-76.247485,-87.945385
2.044252,5210,-75.138598,-87.945385
2.044398,5210,-80.718875,-87.945385
2.044398,5210,-80.492384,-87.945385
2.044458,5210,-81.188243,-87.945385
2.044458,5210,-80.849894,-87.945385
2.044697,5210,-80.312221,-87.945385
2.044933,5210,-73.275565,-87.945385
2.044933,5210,-79.727688,-87.945385
2.045511,5210,-77.675142,-87.945385
2.048467,5210,-73.036152,-87.945385
2.048467,5210,-75.151576,-87.945385
2.051274,5210,-75.743258,-87.945385
2.051318,5210,-78.803293,-87.945385
2.057182,5210,-74.773996,-87.945385
2.057946,5210,-81.828184,-93.965985
2.058238,5210,-80.534775,-93.965985
2.058485,5210,-79.569564,-93.965985
2.058777,5210,-79.643771,-93.965985
2.060113,5210,-78.653499,-87.945385
2.060157,5210,-75.152570,-87.945385
2.062656,5210,-79.814674,-87.945385
2.062820,5210,-69.012436,-87.945385
2.063164,5210,-81.581341,-87.945385
2.063164,5210,-81.868383,-87.945385
2.063832,5210,-81.555447,-87.945385
2.064680,5210,-80.112426,-87.945385
2.065330,5210,-75.888682,-87.945385
2.067978,5210,-78.863316,-87.945385
2.070139,5210,-77.562369,-87.945385
2.070187,5210,-71.307504,-87.945385
2.074847,5210,-76.659744,-87.945385
2.074847,5210,-80.531868,-87.945385
2.074907,5210,-75.752786,-87.945385
2.081168,5210,-71.818753,-87.945385
2.081719,5210,-76.518739,-87.945385
2.082709,5210,-75.901940,-87.945385
2.082846,5210,-77.706915,-87.945385
2.083332,5210,-77.821551,-87.945385
2.083376,5210,-79.394976,-87.945385
2.083602,5210,-72.934072,-87.945385
2.084783,5210,-78.728457,-87.945385
2.087143,5210,-81.319807,-87.945385
2.089476,5210,-81.263097,-87.945385
2.089476,5210,-81.628622,-87.945385
2.090488,5210,-73.263027,-87.945385
2.090536,5210,-79.761219,-87.945385
2.100347,5210,-72.459604,-87.945385
2.100391,5210,-78.622827,-87.945385
2.101324,5210,-80.718586,-87.945385
2.101461,5210,-77.400316,-87.945385
2.102167,5210,-81.902691,-87.945385
2.102943,5210,-78.040634,-87.945385
2.102943,5210,-81.394522,-87.945385
2.104277,5210,-78.462145,-87.945385
2.109004,5210,-78.654817,-87.945385
2.110089,5210,-75.023979,-87.945385
2.110133,5210,-76.706605,-87.945385
2.115954,5210,-78.315348,-87.945385
2.117308,5210,-80.911821,-87.945385
2.117308,5210,-79.129220,-87.945385
2.117544,5210,-76.510633,-87.945385
2.117879,5210,-78.526647,-87.945385
2.118583,5210,-77.116290,-87.945385
2.120316,5210,-77.813125,-87.945385
2.120360,5210,-73.800428,-87.945385
2.120826,5210,-75.404384,-87.945385
2.120826,5210,-81.880868,-87.945385
2.125013,5210,-78.481072,-87.945385
2.130142,5210,-78.322355,-87.945385
2.130510,5210,-75.605968,-87.945385
2.131720,5210,-78.641117,-87.945385
2.131858,5210,-73.549447,-87.945385
2.132100,5210,-76.505619,-87.945385
2.132540,5210,-79.806166,-87.945385
2.132588,5210,-81.127922,-87.945385
2.136729,5210,-72.392150,-93.965985
2.140139,5210,-77.941364,-87.945385
2.140187,5210,-79.596431,-87.945385
2.141156,5210,-79.877211,-87.945385
2.141156,5210,-81.306343,-87.945385
2.141284,5210,-80.722560,-87.945385
2.144260,5210,-81.143212,-87.945385
2.144320,5210,-75.476169,-87.945385
2.150142,5210,-73.561412,-87.945385
2.150190,5210,-81.847152,-87.945385
2.150555,5210,-73.203488,-87.945385
2.150603,5210,-80.273649,-87.945385
2.157598,5210,-81.946735,-87.945385
2.158070,5210,-80.713657,-87.945385
2.160351,5210,-75.586367,-87.945385
2.161065,5210,-75.883972,-87.945385
2.161109,5210,-80.055974,-87.945385
2.169843,5210,-81.518027,-87.945385
2.170693,5210,-81.907467,-87.113327
2.171359,5210,-75.918486,-87.945385
2.171403,5210,-80.084966,-87.945385
2.176063,5210,-80.344591,-87.945385
2.176063,5210,-81.851816,-87.945385
2.177871,5210,-81.352644,-87.945385
2.180117,5210,-79.568190,-87.945385
2.180161,5210,-74.493141,-87.945385
2.180964,5210,-78.642440,-87.945385
2.190617,5210,-75.388157,-87.945385
2.191354,5210,-79.112367,-87.945385
2.191402,5210,-74.702018,-87.945385
2.200140,5210,-79.240278,-87.945385
2.200188,5210,-78.384971,-87.945385
2.200872,5210,-80.404299,-87.945385
2.210141,5210,-77.921956,-87.945385
2.210141,5210,-81.324404,-87.945385
2.210189,5210,-74.419628,-87.945385
2.212982,5210,-81.733173,-87.945385
2.220142,5210,-81.476362,-87.945385
2.220142,5210,-80.435598,-87.945385
2.220190,5210,-71.468196,-87.945385
2.222116,5210,-80.071909,-87.945385
2.230195,5210,-79.217261,-87.945385
2.230195,5210,-79.697175,-87.945385
2.230243,5210,-71.904676,-87.945385
2.240142,5210,-74.928637,-87.945385
2.240142,5210,-78.122772,-87.945385
2.240492,5210,-80.827280,-87.945385
2.240492,5210,-78.637968,-87.945385
2.240540,5210,-72.864879,-87.945385
2.242423,5210,-81.611644,-87.945385
2.242623,5210,-81.700162,-87.945385
2.245862,5210,-80.976396,-87.945385
2.250618,5210,-78.930218,-87.945385
2.250666,5210,-77.312715,-87.945385
2.255741,5210,-81.169125,-87.945385
2.259351,5210,-76.670879,-87.945385
2.260142,5210,-76.946464,-87.945385
2.260142,5210,-72.859544,-87.945385
2.260190,5210,-81.447465,-87.945385
2.262478,5210,-80.732679,-87.945385
2.269925,5210,-77.270198,-87.945385
2.270119,5210,-79.608112,-87.945385
2.270119,5210,-74.623478,-87.945385
2.270163,5210,-77.880014,-87.945385
2.275931,5210,-80.692297,-87.945385
2.278578,5210,-81.557281,-87.945385
2.280143,5210,-74.198892,-87.945385
2.280448,5210,-79.209300,-87.945385
2.280448,5210,-75.642381,-87.945385
2.280488,5210,-81.296648,-87.945385
2.280496,5210,-76.926660,-87.945385
2.287820,5210,-80.880280,-87.945385
2.288074,5210,-80.739727,-87.945385
2.288888,5210,-78.722520,-87.945385
2.290132,5210,-80.840135,-87.945385
2.290143,5210,-76.537564,-87.945385
2.290143,5210,-78.415433,-87.945385
2.290191,5210,-80.700110,-87.945385
2.290191,5210,-81.407607,-87.945385
2.300120,5210,-73.909088,-87.945385
2.300862,5210,-75.414809,-87.945385
2.300862,5210,-71.746536,-87.945385
2.300906,5210,-71.902724,-87.945385
2.307059,5210,-77.926710,-87.945385
2.309194,5210,-80.348740,-87.945385
2.310115,5210,-78.289972,-87.945385
2.310115,5210,-75.051578,-87.945385
2.310159,5210,-74.859150,-87.945385
2.319865,5210,-80.893083,-87.945385
2.320139,5210,-76.742404,-87.945385
2.320139,5210,-80.393275,-87.945385
2.320187,5210,-74.429044,-87.945385
2.320187,5210,-81.953237,-87.945385
2.321052,5210,-81.088392,-87.945385
2.330325,5210,-73.938581,-87.945385
2.330369,5210,-72.560175,-87.945385
2.335073,5210,-80.720192,-87.945385
2.335219,5210,-80.282255,-87.945385
2.335455,5210,-77.560697,-87.945385
2.335916,5210,-78.337291,-87.945385
2.339272,5210,-76.892471,-87.945385
2.340094,5210,-72.223905,-87.945385
2.340138,5210,-77.503950,-87.945385
2.341529,5210,-79.701487,-93.965985
2.347104,5210,-79.309001,-87.945385
2.347277,5210,-78.435177,-87.945385
2.347974,5210,-79.482817,-87.945385
2.348417,5210,-73.866836,-87.945385
2.350732,5210,-78.447706,-87.945385
2.355347,5210,-74.981159,-87.945385
2.355391,5210,-77.430352,-87.945385
2.358388,5210,-72.076227,-87.945385
2.358570,5210,-75.851185,-87.945385
2.358779,5210,-76.650269,-87.945385
2.359114,5210,-74.856317,-87.945385
2.359944,5210,-80.701224,-87.945385
2.360118,5210,-77.346656,-87.945385
2.360507,5210,-77.537559,-87.945385
2.360551,5210,-75.850251,-87.945385
2.360909,5210,-80.415622,-87.945385
2.365393,5210,-75.512489,-87.945385
2.370120,5210,-79.139496,-87.945385
2.370164,5210,-75.292791,-87.945385
2.372057,5210,-75.739261,-87.945385
2.372212,5210,-81.949232,-87.945385
2.372547,5210,-77.361262,-87.945385
2.373089,5210,-73.663442,-87.945385
2.374162,5210,-81.069111,-87.945385
2.379026,5210,-81.003766,-87.945385
2.380144,5210,-76.871138,-87.945385
2.380192,5210,-73.386202,-87.945385
2.381404,5210,-76.624320,-87.945385
2.386297,5210,-77.957770,-87.945385
2.386848,5210,-73.852615,-87.945385
2.387759,5210,-77.226420,-87.945385
2.390112,5210,-78.151721,-87.945385
2.390146,5210,-81.898466,-87.945385
2.390339,5210,-72.125185,-87.945385
2.390339,5210,-78.772955,-87.945385
2.390383,5210,-80.321366,-87.945385
2.395046,5210,-78.567057,-87.945385
2.400196,5210,-80.474007,-87.945385
2.400441,5210,-73.029098,-87.945385
2.400821,5210,-76.154599,-87.945385
2.401417,5210,-76.456863,-87.945385
2.401851,5210,-73.877963,-87.945385
2.402501,5210,-79.085000,-87.945385
2.404726,5210,-77.944969,-87.945385
2.405439,5210,-81.669716,-87.945385
2.412587,5210,-79.514716,-87.945385
2.412733,5210,-77.806083,-87.945385
2.412978,5210,-73.733433,-87.945385
2.415972,5210,-77.768495,-87.945385
2.417081,5210,-81.043885,-87.945385
2.422365,5210,-79.689094,-87.945385
2.422704,5210,-76.734921,-87.945385
2.422752,5210,-72.142543,-87.945385
2.423122,5210,-75.942445,-87.945385
2.423122,5210,-75.942445,-87.945385
2.423122,5210,-75.942445,-87.945385
2.423170,5210,-72.212563,-87.945385
2.424427,5210,-78.141388,-87.945385
2.430120,5210,-75.933417,-87.945385
2.430164,5210,-71.383637,-87.945385
2.431683,5210,-75.447925,-87.945385
2.431901,5210,-73.032450,-87.945385
2.432409,5210,-77.215650,-87.945385
2.432816,5210,-81.180862,-87.945385
2.433403,5210,-79.668064,-87.945385
2.437167,5210,-77.698862,-87.945385
2.437736,5210,-77.806218,-87.945385
2.440392,5210,-73.552736,-87.945385
2.440436,5210,-76.490160,-87.945385
2.441077,5210,-76.332773,-87.945385
2.441241,5210,-75.378953,-87.945385
2.441594,5210,-78.198331,-87.945385
2.442190,5210,-80.326732,-87.945385
2.442462,5210,-81.001703,-87.945385
2.443229,5210,-77.670066,-87.945385
2.443929,5210,-81.372188,-93.965985
2.444581,5210,-78.150511,-87.945385
2.449920,5210,-80.883468,-87.945385
2.450464,5210,-72.100709,-87.945385
2.451435,5210,-74.055668,-87.945385
2.451479,5210,-79.689394,-87.945385
2.455011,5210,-74.090758,-87.945385
2.455319,5210,-75.604808,-87.945385
2.456266,5210,-76.725957,-87.945385
2.457006,5210,-74.438950,-87.945385
2.457494,5210,-74.770222,-87.945385
2.461186,5210,-78.888387,-87.945385
2.462218,5210,-73.846315,-87.945385
2.462262,5210,-77.847574,-87.945385
2.465393,5210,-74.804831,-87.945385
2.465746,5210,-75.041215,-87.945385
2.465892,5210,-74.455644,-87.945385
2.466029,5210,-78.535524,-87.945385
2.468101,5210,-79.574912,-87.945385
2.470245,5210,-77.457405,-87.945385
2.471534,5210,-71.727522,-87.945385
2.471578,5210,-80.592011,-87.945385
2.480088,5210,-75.825553,-87.945385
2.480132,5210,-74.457011,-87.945385
2.485117,5210,-74.442356,-87.945385
2.485308,5210,-76.473747,-87.945385
2.485616,5210,-79.772062,-87.945385
2.486194,5210,-79.683429,-87.945385
2.487611,5210,-75.836951,-87.945385
2.490115,5210,-76.735280,-87.945385
2.490351,5210,-72.693778,-87.945385
2.490395,5210,-79.044391,-87.945385
2.497740,5210,-75.724842,-87.945385
2.500093,5210,-74.948744,-87.945385
2.500814,5210,-72.759293,-87.945385
2.500858,5210,-72.494878,-87.945385
2.502161,5210,-78.095344,-87.945385
2.502334,5210,-75.154928,-87.945385
2.502723,5210,-79.220579,-87.945385
2.502977,5210,-78.045126,-87.945385
2.505123,5210,-75.788013,-87.945385
2.510088,5210,-75.416864,-87.945385
2.510132,5210,-78.028664,-87.945385
2.517241,5210,-76.683739,-87.945385
2.520387,5210,-72.240436,-87.945385
2.520668,5210,-75.330852,-87.945385
2.525363,5210,-73.382455,-87.945385
2.525407,5210,-81.506253,-87.945385
2.525532,5210,-76.202498,-87.945385
2.525741,5210,-78.376537,-87.945385
2.526294,5210,-78.886760,-87.945385
2.527538,5210,-71.531750,-87.945385
2.528305,5210,-80.253765,-87.945385
2.530161,5210,-72.870013,-87.945385
2.531345,5210,-73.255669,-87.945385
2.531345,5210,-73.255669,-87.945385
2.531393,5210,-79.789760,-87.945385
2.537327,5210,-79.229608,-87.945385
2.540484,5210,-74.012573,-87.945385
2.540528,5210,-74.782620,-87.945385
2.543467,5210,-76.560862,-87.945385
2.543613,5210,-79.010189,-87.945385
2.543831,5210,-78.484032,-87.945385
2.544139,5210,-79.477859,-87.945385
2.544555,5210,-72.708579,-87.945385
2.546329,5210,-81.418859,-93.965985
2.546816,5210,-78.086511,-87.945385
2.549986,5210,-77.268267,-87.945385
2.550281,5210,-72.586410,-87.945385
2.550325,5210,-72.445569,-87.945385
2.555820,5210,-72.039538,-87.945385
2.559872,5210,-76.857659,-87.945385
2.560095,5210,-73.733939,-87.945385
2.560135,5210,-77.729067,-87.945385
2.560353,5210,-77.207655,-87.945385
2.562013,5210,-76.092824,-87.945385
2.562222,5210,-75.564096,-87.945385
2.563040,5210,-74.778576,-87.945385
2.571127,5210,-80.343989,-87.945385
2.573322,5210,-76.065144,-87.945385
2.573322,5210,-76.065144,-87.945385
2.573370,5210,-77.962005,-87.945385
2.580291,5210,-81.649054,-87.945385
2.580518,5210,-80.145974,-87.945385
2.580781,5210,-80.490504,-87.945385
2.581046,5210,-77.518040,-87.945385
2.581090,5210,-72.950135,-87.945385
2.581323,5210,-80.678199,-87.945385
2.582081,5210,-80.513775,-87.945385
2.584297,5210,-76.334297,-87.945385
2.587692,5210,-76.041911,-87.945385
2.590119,5210,-77.789703,-87.945385
2.591096,5210,-79.448632,-87.945385
2.598607,5210,-78.585421,-87.945385
2.598651,5210,-78.086255,-87.945385
2.599270,5210,-77.448935,-87.945385
2.599461,5210,-77.882889,-87.945385
2.599868,5210,-74.593571,-87.945385
2.600041,5210,-77.565330,-87.945385
2.600144,5210,-81.631720,-87.945385
2.600192,5210,-71.867773,-87.945385
2.601926,5210,-78.050299,-87.945385
2.604880,5210,-79.326768,-87.945385
2.608680,5210,-74.358622,-87.945385
2.610188,5210,-75.565300,-87.945385
2.610236,5210,-78.904154,-87.945385
2.617340,5210,-81.526690,-87.945385
2.617504,5210,-77.725559,-87.945385
2.617677,5210,-73.356659,-87.945385
2.618309,5210,-81.173440,-87.945385
2.619346,5210,-73.785288,-87.945385
2.621121,5210,-79.387265,-87.945385
2.621132,5210,-76.069606,-87.945385
2.621176,5210,-77.557011,-87.945385
2.624390,5210,-73.789160,-87.945385
2.630115,5210,-79.028975,-87.945385
2.630159,5210,-76.089529,-87.945385
2.639534,5210,-77.153999,-87.945385
2.639716,5210,-76.133817,-87.945385
2.639961,5210,-77.476980,-87.945385
2.640584,5210,-77.889346,-87.945385
2.640606,5210,-78.811717,-87.945385
2.640848,5210,-79.455306,-87.945385
2.640896,5210,-81.533429,-87.945385
2.650138,5210,-78.019301,-87.945385
2.650186,5210,-76.271150,-87.945385
2.654179,5210,-77.406393,-87.945385
2.654946,5210,-81.065364,-87.945385
2.658937,5210,-76.022324,-87.945385
2.660139,5210,-78.821717,-87.945385
2.660187,5210,-76.119609,-87.945385
2.663655,5210,-78.468789,-87.945385
2.670418,5210,-73.362714,-87.945385
2.670466,5210,-74.698911,-87.945385
2.670524,5210,-75.597446,-87.945385
2.670670,5210,-74.581930,-87.945385
2.670969,5210,-76.763128,-87.945385
2.671610,5210,-80.196677,-87.945385
2.671792,5210,-77.307668,-87.945385
2.672163,5210,-76.338005,-87.945385
2.674640,5210,-79.872155,-87.945385
2.675920,5210,-75.176049,-87.945385
2.680092,5210,-74.542118,-87.945385
2.680136,5210,-73.783293,-87.945385
2.680575,5210,-81.622997,-87.945385
2.680748,5210,-76.705823,-87.945385
2.680966,5210,-71.565937,-87.945385
2.681888,5210,-77.723466,-87.945385
2.686932,5210,-77.635894,-87.945385
2.690119,5210,-78.434874,-87.945385
2.690571,5210,-77.843287,-87.945385
2.690615,5210,-79.586474,-87.945385
2.693387,5210,-78.271121,-87.945385
2.699547,5210,-73.333441,-87.945385
2.699954,5210,-80.320385,-87.945385
2.700136,5210,-77.831863,-87.945385
2.700558,5210,-79.253687,-87.945385
2.700606,5210,-76.343806,-87.945385
2.702489,5210,-80.717281,-87.945385
2.704309,5210,-78.647741,-87.945385
2.710136,5210,-76.505994,-87.945385
2.710184,5210,-79.428756,-87.945385
2.712638,5210,-78.269807,-87.945385
2.712793,5210,-80.019792,-87.945385
2.713101,5210,-80.974222,-87.945385
2.713229,5210,-79.462198,-87.945385
2.713753,5210,-79.236953,-87.945385
2.714124,5210,-78.862565,-87.945385
2.716169,5210,-78.665817,-87.945385
2.721289,5210,-76.052005,-87.945385
2.728711,5210,-77.580998,-87.945385
2.728755,5210,-78.296091,-87.945385
2.730912,5210,-77.435660,-87.945385
2.731077,5210,-79.017987,-87.945385
2.731277,5210,-79.253324,-85.899588
2.731325,5210,-81.369023,-87.945385
2.731513,5210,-79.559261,-87.945385
2.732091,5210,-78.414133,-87.945385
2.732986,5210,-77.942964,-87.945385
2.733025,5210,-76.587615,-87.945385
2.736651,5210,-76.363236,-87.945385
2.736699,5210,-78.477241,-87.945385
2.742674,5210,-74.416459,-87.945385
2.748589,5210,-80.802109,-87.945385
2.748926,5210,-81.702126,-87.945385
2.751129,5210,-78.821698,-93.965985
2.754613,5210,-80.204278,-87.945385
2.756556,5210,-79.746792,-87.945385
2.758668,5210,-79.894628,-87.945385
2.760543,5210,-78.091696,-87.945385
2.760591,5210,-81.790116,-87.945385
2.761413,5210,-79.824157,-87.945385
2.762787,5210,-78.149450,-87.945385
2.762839,5210,-79.673360,-87.945385
2.763381,5210,-81.778883,-87.945385
2.768378,5210,-80.120941,-87.945385
2.768560,5210,-81.239942,-87.945385
2.772461,5210,-78.829269,-87.945385
2.772521,5210,-79.566426,-87.945385
2.774924,5210,-80.847698,-87.945385
2.776475,5210,-79.908410,-87.945385
2.778337,5210,-79.284103,-87.945385
2.781270,5210,-81.031457,-87.945385
2.782379,5210,-81.948416,-87.945385
2.790091,5210,-80.781624,-87.945385
2.790743,5210,-81.431019,-87.945385
2.790806,5210,-81.140655,-87.945385
2.794855,5210,-81.717787,-87.945385
2.806380,5210,-81.235543,-87.945385
2.808931,5210,-81.675813,-87.945385
2.809268,5210,-79.599503,-87.945385
2.809328,5210,-80.567752,-87.945385
2.811000,5210,-81.521577,-87.945385
2.822944,5210,-80.706762,-87.945385
2.822944,5210,-80.792904,-87.945385
2.823004,5210,-80.724429,-87.945385
2.824118,5210,-79.233788,-87.945385
2.824118,5210,-79.233788,-87.945385
2.824118,5210,-79.233788,-87.945385
2.824118,5210,-79.233788,-87.945385
2.824118,5210,-79.233788,-87.945385
2.824118,5210,-79.233788,-87.945385
2.824118,5210,-79.233788,-87.945385
2.824118,5210,-79.233788,-87.945385
2.824118,5210,-79.233788,-87.945385
2.826637,5210,-79.729665,-87.945385
2.833876,5210,-79.203879,-87.945385
2.838805,5210,-81.842633,-87.945385
2.844137,5210,-80.173501,-87.945385
2.847504,5210,-81.745800,-87.945385
2.853529,5210,-81.891891,-93.965985
2.855196,5210,-78.700152,-87.945385
2.861275,5210,-81.744258,-87.945385
2.862125,5210,-76.507228,-87.945385
2.863360,5210,-79.553775,-87.945385
2.882099,5210,-78.779465,-87.945385
2.883311,5210,-80.479229,-87.945385
2.888688,5210,-78.103288,-87.945385
2.891252,5210,-78.586253,-87.945385
2.891821,5210,-80.433954,-87.945385
2.896053,5210,-81.092170,-87.945385
2.900703,5210,-75.232468,-87.945385
2.908325,5210,-79.003475,-87.945385
2.909524,5210,-77.295509,-87.945385
2.910435,5210,-78.581089,-87.945385
2.915027,5210,-76.347973,-87.945385
2.917450,5210,-81.322640,-87.945385
2.923050,5210,-80.273788,-87.945385
2.923187,5210,-80.016115,-87.945385
2.923776,5210,-78.038072,-87.945385
2.924435,5210,-79.954467,-87.945385
2.935178,5210,-80.277953,-87.945385
2.936507,5210,-77.970443,-87.945385
2.936878,5210,-80.470725,-87.945385
2.940356,5210,-76.743559,-87.945385
2.950017,5210,-81.362338,-87.945385
2.955392,5210,-80.161776,-87.945385
2.956190,5210,-78.966773,-87.945385
2.956840,5210,-77.779251,-87.945385
2.965614,5210,-80.356631,-87.945385
2.965823,5210,-80.433312,-87.945385
2.966050,5210,-77.790048,-87.945385
2.966684,5210,-78.549942,-87.945385
2.967054,5210,-81.983349,-87.945385
2.967739,5210,-78.838293,-87.945385
2.973818,5210,-77.429436,-87.945385
2.981542,5210,-78.588291,-87.945385
2.981760,5210,-72.102231,-87.945385
2.982113,5210,-72.333064,-87.945385
2.983404,5210,-75.526021,-87.945385
2.983721,5210,-80.262939,-87.945385
2.986918,5210,-76.899519,-87.945385
2.991843,5210,-78.830341,-87.945385
3.001535,5210,-71.903160,-87.945385
3.001690,5210,-81.782279,-87.945385
3.003899,5210,-73.267852,-87.945385
3.005053,5210,-81.969720,-87.945385
3.006108,5210,-81.931090,-87.945385
3.006326,5210,-74.506849,-87.945385
3.006690,5210,-78.552934,-87.945385
3.007682,5210,-77.878113,-87.945385
3.009259,5210,-77.104310,-87.945385
3.013808,5210,-74.769796,-87.945385
3.017601,5210,-77.185962,-87.945385
3.017747,5210,-77.417447,-87.945385
3.017911,5210,-74.644268,-87.945385
3.018716,5210,-79.051936,-87.945385
3.022300,5210,-73.373221,-87.945385
3.029027,5210,-77.439624,-87.945385
3.029272,5210,-81.818567,-87.945385
3.029562,5210,-78.935383,-87.945385
3.035969,5210,-72.571926,-87.945385
3.042795,5210,-79.395301,-87.945385
3.042923,5210,-80.900443,-87.945385
3.043215,5210,-75.259923,-87.945385
3.044189,5210,-79.555530,-87.945385
3.046288,5210,-78.142323,-87.945385
3.047055,5210,-77.074055,-87.945385
3.054716,5210,-77.902821,-87.945385
3.058329,5210,-78.029965,-93.965985
3.060388,5210,-80.148200,-87.945385
3.060597,5210,-75.208868,-87.945385
3.060815,5210,-77.998062,-87.945385
3.061699,5210,-80.541283,-93.965985
3.061759,5210,-81.858525,-93.965985
3.062356,5210,-77.731358,-90.997654
3.062394,5210,-72.663413,-87.945385
3.062416,5210,-79.917273,-93.965985
3.062484,5210,-74.938637,-93.965985
3.069006,5210,-78.018604,-87.945385
3.073079,5210,-72.090355,-93.965985
3.073139,5210,-77.105959,-93.965985
3.073258,5210,-78.916014,-93.965985
3.073318,5210,-77.515601,-93.965985
3.073556,5210,-75.531915,-87.945385
3.073600,5210,-80.962621,-87.945385
3.074173,5210,-79.500962,-93.965985
3.074233,5210,-81.544643,-93.965985
3.074352,5210,-74.767141,-93.965985
3.074412,5210,-78.193900,-93.965985
3.074526,5210,-76.674481,-87.945385
3.074574,5210,-78.621095,-87.945385
3.075028,5210,-77.053618,-87.945385
3.075072,5210,-74.314188,-87.945385
3.077720,5210,-77.624929,-87.945385
3.077875,5210,-74.275613,-87.945385
3.079447,5210,-78.995357,-87.945385
3.080114,5210,-77.194587,-87.945385
3.080158,5210,-80.553557,-87.945385
3.080511,5210,-76.039233,-87.945385
3.083017,5210,-72.038146,-87.945385
3.088770,5210,-75.963643,-87.945385
3.088952,5210,-75.516866,-87.945385
3.089125,5210,-76.382524,-87.945385
3.089532,5210,-76.320740,-87.945385
3.090114,5210,-74.097690,-87.945385
3.090158,5210,-78.608226,-87.945385
3.091912,5210,-79.379543,-87.945385
3.093237,5210,-74.557470,-87.945385
3.099296,5210,-76.206702,-87.945385
3.104572,5210,-77.827450,-87.945385
3.104745,5210,-77.955292,-87.945385
3.105080,5210,-77.663861,-87.945385
3.105595,5210,-72.866584,-87.945385
3.106335,5210,-79.800394,-87.945385
3.114970,5210,-81.948535,-87.945385
3.119760,5210,-77.222775,-87.945385
3.122431,5210,-80.563697,-87.945385
3.122614,5210,-78.162651,-87.945385
3.123202,5210,-78.872323,-87.945385
3.123250,5210,-77.279663,-87.945385
3.123746,5210,-77.206771,-87.945385
3.123746,5210,-77.206771,-87.945385
3.123746,5210,-77.206771,-87.945385
3.123806,5210,-81.995209,-87.945385
3.124775,5210,-81.519744,-87.945385
3.124921,5210,-76.275411,-87.945385
3.125591,5210,-74.430515,-87.945385
3.126277,5210,-76.531898,-87.945385
3.126720,5210,-79.438793,-87.945385
3.128414,5210,-73.789994,-87.945385
3.130117,5210,-79.432932,-87.945385
3.130967,5210,-78.011067,-87.945385
3.131011,5210,-79.349970,-87.945385
3.133366,5210,-78.454194,-87.945385
3.135422,5210,-78.598150,-87.945385
3.135559,5210,-80.149128,-87.945385
3.135705,5210,-80.412583,-87.945385
3.136121,5210,-76.386987,-87.945385
3.138274,5210,-79.876090,-87.945385
3.138447,5210,-81.577389,-87.945385
3.139970,5210,-72.626980,-87.945385
3.140136,5210,-77.068920,-87.945385
3.142357,5210,-81.046452,-87.945385
3.142485,5210,-79.671966,-87.945385
3.142757,5210,-74.752014,-87.945385
3.143317,5210,-75.819058,-87.945385
3.143955,5210,-78.818888,-87.945385
3.144158,5210,-79.168843,-87.945385
3.146951,5210,-81.610330,-87.945385
3.147211,5210,-73.643640,-87.945385
3.147466,5210,-80.992304,-87.945385
3.147514,5210,-80.990554,-87.945385
3.150193,5210,-76.598532,-87.945385
3.151321,5210,-80.632018,-87.945385
3.152371,5210,-79.509120,-87.945385
3.152419,5210,-81.098980,-87.945385
3.156087,5210,-79.356244,-87.945385
3.156719,5210,-77.177168,-87.945385
3.157245,5210,-76.449456,-87.945385
3.157580,5210,-75.459568,-87.945385
3.157580,5210,-77.609303,-87.945385
3.159492,5210,-80.824875,-87.945385
3.161016,5210,-81.778669,-87.945385
3.161744,5210,-79.300331,-87.945385
3.161753,5210,-75.400735,-87.945385
3.162760,5210,-81.030544,-87.945385
3.163599,5210,-76.709883,-87.945385
3.168355,5210,-81.016925,-87.945385
3.168377,5210,-81.636575,-84.840935
3.168403,5210,-79.652661,-87.945385
3.170191,5210,-78.155261,-87.945385
3.171094,5210,-80.351106,-87.945385
3.171865,5210,-78.447062,-87.945385
3.171913,5210,-75.956034,-87.945385
3.172755,5210,-80.112780,-87.945385
3.172755,5210,-77.368588,-87.945385
3.172892,5210,-76.218315,-87.945385
3.173182,5210,-80.666017,-87.945385
3.173517,5210,-74.765662,-87.945385
3.173517,5210,-79.646320,-87.945385
3.175177,5210,-77.358258,-87.945385
3.175177,5210,-79.156271,-87.945385
3.176661,5210,-81.498753,-87.945385
3.180138,5210,-77.085358,-87.945385
3.180186,5210,-77.312123,-87.945385
3.180973,5210,-79.865112,-87.945385
3.184415,5210,-76.528074,-87.945385
3.187686,5210,-79.300301,-87.945385
3.187994,5210,-80.554279,-87.945385
3.189835,5210,-81.954481,-87.945385
3.190325,5210,-78.576648,-87.945385
3.191020,5210,-76.318740,-87.945385
3.191020,5210,-81.317604,-87.945385
3.191391,5210,-80.597964,-87.945385
3.192101,5210,-77.480038,-87.945385
3.192145,5210,-79.449266,-87.945385
3.192428,5210,-78.738617,-87.945385
3.192428,5210,-79.383832,-87.945385
3.195121,5210,-81.125306,-87.945385
3.197368,5210,-81.914027,-87.945385
3.198704,5210,-80.782532,-87.945385
3.200112,5210,-76.658785,-87.945385
3.200156,5210,-80.126818,-87.945385
3.200785,5210,-75.611485,-87.945385
3.205248,5210,-77.227658,-87.945385
3.205248,5210,-79.873193,-87.945385
3.213110,5210,-80.593266,-87.945385
3.213404,5210,-78.896844,-87.945385
3.213559,5210,-80.302920,-87.945385
3.213559,5210,-78.326011,-87.945385
3.213759,5210,-72.824530,-87.945385
3.213759,5210,-78.653020,-87.945385
3.213923,5210,-76.879300,-87.945385
3.213923,5210,-77.914554,-87.945385
3.214528,5210,-81.558768,-87.945385
3.214528,5210,-80.339048,-87.945385
3.215925,5210,-78.089394,-87.945385
3.217853,5210,-81.896471,-87.945385
3.218404,5210,-81.327131,-87.945385
3.219681,5210,-81.044809,-87.945385
3.221960,5210,-81.263183,-87.945385
3.224515,5210,-80.902098,-87.945385
3.224515,5210,-78.515252,-87.945385
3.228657,5210,-79.878562,-87.945385
3.228785,5210,-81.139904,-87.945385
3.228785,5210,-77.152426,-87.945385
3.228971,5210,-78.191842,-87.945385
3.229183,5210,-75.194117,-87.945385
3.229679,5210,-77.870020,-87.945385
3.229815,5210,-77.592148,-87.945385
3.229815,5210,-80.154059,-87.945385
3.230177,5210,-80.473511,-87.945385
3.231314,5210,-80.144886,-87.945385
3.232447,5210,-77.434326,-87.945385
3.232447,5210,-74.279754,-87.945385
3.232719,5210,-81.503735,-87.945385
3.234188,5210,-81.350662,-87.945385
3.235004,5210,-76.583675,-87.945385
3.235923,5210,-79.954502,-87.945385
3.235923,5210,-75.049450,-87.945385
3.236493,5210,-78.632766,-87.945385
3.239510,5210,-79.506766,-87.945385
3.241519,5210,-78.998165,-87.945385
3.244052,5210,-76.726900,-87.945385
3.244052,5210,-73.482988,-87.945385
3.244527,5210,-81.482754,-87.945385
3.245262,5210,-79.927680,-87.945385
3.246479,5210,-81.368085,-87.945385
3.248535,5210,-80.185441,-87.945385
3.249317,5210,-77.693728,-87.945385
3.251819,5210,-79.840428,-87.945385
3.252008,5210,-81.964559,-87.945385
3.252161,5210,-79.091521,-87.945385
3.252161,5210,-79.567762,-87.945385
3.252701,5210,-81.753474,-87.945385
3.252701,5210,-76.859449,-87.945385
3.253349,5210,-79.467120,-87.945385
3.254051,5210,-76.933141,-87.945385
3.255248,5210,-79.258573,-87.945385
3.257795,5210,-77.735362,-87.945385
3.258524,5210,-80.374159,-87.945385
3.259385,5210,-75.803675,-87.945385
3.260792,5210,-78.993590,-87.945385
3.260963,5210,-81.608323,-87.945385
3.261143,5210,-81.604740,-87.945385
3.261143,5210,-80.393510,-87.945385
3.261620,5210,-78.758283,-87.945385
3.262264,5210,-79.309072,-87.945385
3.262376,5210,-79.609983,-87.945385
3.262610,5210,-74.232704,-87.945385
3.262610,5210,-81.226531,-87.945385
3.262891,5210,-78.961872,-83.720372
3.263748,5210,-81.212702,-87.945385
3.264203,5210,-79.315720,-87.945385
3.264203,5210,-75.177924,-87.945385
3.271745,5210,-77.886706,-87.945385
3.272321,5210,-81.562261,-87.945385
3.272510,5210,-81.008010,-87.945385
3.272798,5210,-76.349997,-87.945385
3.273509,5210,-73.683998,-87.945385
3.274418,5210,-77.993578,-87.945385
3.274418,5210,-80.385468,-87.945385
3.277577,5210,-80.811872,-87.945385
3.277577,5210,-81.278291,-87.945385
3.281297,5210,-80.085406,-87.945385
3.282455,5210,-79.725240,-87.945385
3.283598,5210,-79.096274,-87.945385
3.284075,5210,-76.292974,-87.945385
3.284075,5210,-81.737844,-87.945385
3.284552,5210,-80.738750,-87.945385
3.284552,5210,-77.685020,-87.945385
3.285101,5210,-72.341738,-87.945385
3.286082,5210,-77.076726,-87.945385
3.286082,5210,-80.399469,-87.945385
3.286433,5210,-77.002820,-87.945385
3.286433,5210,-79.558005,-87.945385
3.290798,5210,-73.776162,-87.945385
3.291158,5210,-75.359638,-87.945385
3.291392,5210,-76.553023,-87.945385
3.291392,5210,-75.866614,-87.945385
3.291932,5210,-79.305567,-87.945385
3.291932,5210,-79.928719,-87.945385
3.292664,5210,-80.229648,-87.945385
3.293363,5210,-78.104076,-87.945385
3.293903,5210,-80.098307,-87.945385
3.295965,5210,-81.302664,-87.945385
3.296210,5210,-79.962373,-87.945385
3.296718,5210,-81.783030,-87.945385
3.298340,5210,-80.322811,-87.945385
3.302246,5210,-78.038461,-87.945385
3.302246,5210,-80.851226,-87.945385
3.302390,5210,-80.432032,-87.945385
3.302705,5210,-73.457186,-87.945385
3.302792,5210,-79.395347,-87.945385
3.303866,5210,-73.254804,-87.945385
3.303866,5210,-81.428356,-87.945385
3.304721,5210,-77.928517,-87.945385
3.304990,5210,-76.514276,-87.945385
3.305217,5210,-78.983212,-87.945385
3.305345,5210,-78.438273,-87.945385
3.306095,5210,-80.445334,-87.945385
3.306539,5210,-74.198348,-87.945385
3.309329,5210,-76.802221,-87.945385
3.312236,5210,-81.349938,-87.945385
3.312587,5210,-76.915748,-87.945385
3.313244,5210,-80.243807,-87.945385
3.314522,5210,-76.545285,-87.945385
3.316466,5210,-76.952443,-87.945385
3.318149,5210,-77.427439,-87.945385
3.319966,5210,-80.734318,-87.945385
3.320292,5210,-81.295681,-87.945385
3.320843,5210,-81.345112,-87.945385
3.321907,5210,-79.654445,-87.945385
3.323522,5210,-78.902489,-87.945385
3.328895,5210,-79.480188,-87.945385
3.329507,5210,-79.456908,-87.945385
3.329741,5210,-75.069398,-87.945385
3.330263,5210,-76.813826,-87.945385
3.332153,5210,-81.642200,-87.945385
3.336734,5210,-78.525634,-87.945385
3.341836,5210,-80.467430,-87.945385
3.342389,5210,-81.390257,-87.945385
3.343588,5210,-78.561353,-87.945385
3.344753,5210,-80.493409,-87.945385
3.346794,5210,-79.271024,-87.945385
3.348875,5210,-75.246589,-87.945385
3.349226,5210,-80.216209,-87.945385
3.349712,5210,-75.893188,-87.945385
3.350045,5210,-78.208177,-87.945385
3.351179,5210,-79.318118,-87.945385
3.351683,5210,-80.524860,-87.945385
3.352702,5210,-77.881460,-87.945385
3.352947,5210,-81.700024,-87.945385
3.353212,5210,-79.462185,-87.945385
3.353421,5210,-77.677199,-87.945385
3.355625,5210,-77.359816,-87.945385
3.356210,5210,-79.278410,-87.945385
3.356372,5210,-75.145189,-87.945385
3.356750,5210,-76.124136,-87.945385
3.357227,5210,-77.554403,-87.945385
3.358118,5210,-77.195890,-87.945385
3.363725,5210,-79.380500,-87.945385
3.363950,5210,-76.908649,-87.945385
3.369260,5210,-80.175869,-87.945385
3.369514,5210,-75.053679,-87.945385
3.369687,5210,-78.468133,-87.945385
3.370781,5210,-80.562275,-87.945385
3.370961,5210,-75.931217,-87.945385
3.371168,5210,-78.912408,-87.945385
3.371447,5210,-77.187826,-87.945385
3.373796,5210,-79.486402,-87.945385
3.375569,5210,-80.852900,-87.945385
3.380843,5210,-76.381852,-87.945385
3.386261,5210,-79.644987,-87.945385
3.386459,5210,-79.315631,-87.945385
3.386765,5210,-73.511404,-87.945385
3.387125,5210,-81.939514,-87.945385
3.392777,5210,-75.014953,-87.945385
3.393708,5210,-81.098915,-87.945385
3.396475,5210,-79.890901,-87.945385
3.399788,5210,-73.495655,-87.945385
3.404387,5210,-76.706252,-87.945385
3.404954,5210,-75.266787,-87.945385
3.405569,5210,-78.971542,-87.945385
3.405602,5210,-76.956619,-87.945385
3.406446,5210,-77.886295,-87.945385
3.406790,5210,-79.343928,-87.945385
3.407060,5210,-77.637139,-87.945385
3.413395,5210,-77.842361,-87.945385
3.419732,5210,-81.577407,-87.945385
3.419876,5210,-73.177434,-87.945385
3.420299,5210,-77.304606,-87.945385
3.420749,5210,-78.670213,-87.945385
3.421919,5210,-75.396465,-87.945385
3.423566,5210,-76.054048,-87.945385
3.425621,5210,-78.025342,-87.945385
3.425967,5210,-75.614051,-87.945385
3.426464,5210,-81.633965,-87.945385
3.426635,5210,-81.181238,-87.945385
3.428057,5210,-74.214190,-87.945385
3.428270,5210,-75.372415,-87.945385
3.430334,5210,-77.055951,-87.945385
3.430748,5210,-77.518979,-87.945385
3.431252,5210,-74.093918,-87.945385
3.434726,5210,-77.763556,-87.945385
3.436005,5210,-80.128364,-87.945385
3.436214,5210,-79.728822,-87.945385
3.437921,5210,-80.045432,-87.945385
3.438164,5210,-78.316034,-87.945385
3.444693,5210,-78.048604,-87.945385
3.444698,5210,-72.684557,-87.945385
3.448469,5210,-78.707534,-87.945385
3.448694,5210,-75.574332,-87.945385
3.448955,5210,-76.819357,-87.945385
3.449486,5210,-78.399963,-87.945385
3.452879,5210,-74.446275,-87.945385
3.456695,5210,-79.437550,-87.945385
3.459926,5210,-78.005725,-87.945385
3.465740,5210,-78.883802,-87.945385
3.465884,5210,-73.442837,-87.945385
3.466172,5210,-78.955060,-87.945385
3.466640,5210,-74.733345,-87.945385
3.466856,5210,-79.317659,-87.945385
3.467909,5210,-73.987399,-87.945385
3.469178,5210,-77.476272,-87.945385
3.474650,5210,-77.682993,-87.945385
3.483785,5210,-80.610620,-87.945385
3.484631,5210,-76.498956,-87.945385
3.485819,5210,-80.431368,-87.945385
3.487745,5210,-74.757281,-87.945385
3.495323,5210,-76.782926,-87.945385
3.500552,5210,-80.595797,-87.945385
3.500975,5210,-78.660124,-87.945385
3.504026,5210,-73.335938,-87.945385
3.506456,5210,-73.659095,-87.945385
3.514655,5210,-78.517314,-87.945385
3.515519,5210,-79.053944,-87.945385
3.521756,5210,-77.488314,-87.945385
3.526220,5210,-79.955461,-87.945385
3.526481,5210,-81.591505,-87.945385
3.527156,5210,-78.891940,-87.945385
3.529235,5210,-74.312494,-87.945385
3.533897,5210,-77.430268,-87.945385
3.538136,5210,-78.704104,-87.945385
3.542051,5210,-79.245489,-87.945385
3.542555,5210,-79.481702,-87.945385
3.543095,5210,-81.832225,-87.945385
3.544148,5210,-80.561319,-87.945385
3.547001,5210,-77.237610,-87.945385
3.554714,5210,-80.619771,-87.945385
3.554939,5210,-76.607236,-87.945385
3.555380,5210,-80.201443,-87.945385
3.558008,5210,-75.884384,-87.945385
3.559178,5210,-81.212557,-87.945385
3.571724,5210,-76.156316,-87.945385
3.576251,5210,-81.524627,-87.945385
3.576710,5210,-78.249207,-87.945385
3.579419,5210,-78.017099,-87.945385
3.579608,5210,-80.823042,-87.945385
3.595583,5210,-78.613396,-87.945385
3.604358,5210,-77.510327,-87.945385
3.604997,5210,-81.855386,-87.945385
3.605456,5210,-81.068986,-87.945385
3.622034,5210,-79.503777,-87.945385
3.622421,5210,-81.163209,-87.945385
3.624131,5210,-80.473359,-87.945385
3.625436,5210,-80.972694,-87.945385
3.634967,5210,-79.035770,-87.945385
3.637001,5210,-80.793404,-87.945385
3.637244,5210,-79.130582,-87.945385
3.642167,5210,-78.125143,-87.945385
3.647306,5210,-77.470582,-87.945385
3.647720,5210,-77.902342,-87.945385
3.662012,5210,-80.449379,-87.945385
3.668636,5210,-81.386072,-87.945385
3.676979,5210,-80.542427,-87.945385
3.677231,5210,-81.999049,-87.945385
3.677834,5210,-76.174533,-87.945385
3.693953,5210,-81.173605,-87.945385
3.694817,5210,-80.256143,-87.945385
3.709406,5210,-80.605970,-87.945385
3.718685,5210,-79.514743,-87.945385
3.719198,5210,-81.661797,-87.945385
3.720350,5210,-81.669566,-87.945385
3.732113,5210,-80.700514,-87.945385
3.733238,5210,-81.197756,-87.945385
3.744326,5210,-81.120262,-87.945385
3.747278,5210,-81.270308,-87.945385
3.751103,5210,-79.976756,-87.945385
3.758294,5210,-80.012313,-87.945385
3.759869,5210,-80.755535,-87.945385
3.760994,5210,-78.528957,-87.945385
3.763343,5210,-81.547592,-87.945385
3.781559,5210,-81.831251,-87.945385
3.781793,5210,-78.680045,-87.945385
3.783719,5210,-80.463470,-87.945385
3.805544,5210,-76.131939,-87.945385
3.806084,5210,-80.012341,-87.945385
3.807128,5210,-79.873408,-87.945385
3.811799,5210,-80.955321,-87.945385
3.817523,5210,-79.727154,-87.945385
3.825182,5210,-79.072599,-87.945385
3.836630,5210,-79.446385,-87.945385
3.843290,5210,-81.307557,-87.945385
3.844505,5210,-76.716824,-87.945385
3.853433,5210,-80.701934,-87.945385
3.853667,5210,-79.299909,-87.945385
3.854873,5210,-81.997642,-87.945385
3.856169,5210,-81.785396,-87.945385
3.857168,5210,-81.801634,-87.945385
3.867419,5210,-81.296909,-87.945385
3.884069,5210,-79.500730,-87.945385
3.884393,5210,-80.851354,-87.945385
3.886472,5210,-80.776472,-87.945385
3.889082,5210,-77.040498,-87.945385
3.889352,5210,-80.318826,-87.945385
3.894788,5210,-80.813063,-87.945385
3.901286,5210,-80.631319,-87.945385
3.903689,5210,-79.416949,-87.945385
3.904031,5210,-80.943329,-87.945385
3.905183,5210,-81.910667,-87.945385
3.907361,5210,-81.179680,-87.945385
3.908216,5210,-79.514350,-87.945385
3.909377,5210,-81.343591,-87.945385
3.909809,5210,-78.021965,-87.945385
3.910529,5210,-81.204867,-87.945385
3.910880,5210,-76.384836,-87.945385
3.916982,5210,-73.258536,-87.945385
3.918926,5210,-74.536812,-87.945385
3.920249,5210,-75.419719,-87.945385
3.922256,5210,-80.076575,-87.945385
3.923048,5210,-81.026850,-87.945385
3.923714,5210,-80.711018,-87.945385
3.928385,5210,-79.635071,-87.945385
3.929600,5210,-77.871598,-87.945385
3.933425,5210,-75.282114,-87.945385
3.933668,5210,-76.105662,-87.945385
3.934613,5210,-75.709748,-87.945385
3.935846,5210,-77.483063,-87.945385
3.936215,5210,-81.862034,-87.945385
3.936386,5210,-75.923836,-87.945385
3.939941,5210,-74.741120,-87.945385
3.940373,5210,-80.999944,-87.945385
3.943658,5210,-79.616125,-87.945385
3.948680,5210,-73.186435,-87.945385
3.948896,5210,-73.496572,-87.945385
3.949319,5210,-75.210889,-87.945385
3.950021,5210,-81.036734,-87.945385
3.950768,5210,-75.224370,-87.945385
3.950921,5210,-73.225127,-87.945385
3.951848,5210,-78.623159,-87.945385
3.952073,5210,-78.004615,-87.945385
3.957356,5210,-79.269404,-87.945385
3.959066,5210,-81.143219,-87.945385
3.965789,5210,-78.928116,-87.945385
3.965942,5210,-72.430572,-87.945385
3.966149,5210,-73.892151,-87.945385
3.966644,5210,-79.236702,-87.945385
3.967337,5210,-75.771883,-87.945385
3.968228,5210,-79.958918,-87.945385
3.970613,5210,-78.976576,-87.945385
3.970766,5210,-81.584874,-87.945385
3.972782,5210,-76.298891,-87.945385
3.972953,5210,-79.621404,-87.945385
3.973358,5210,-76.695512,-87.945385
3.973556,5210,-77.824576,-87.945385
3.974051,5210,-78.170439,-87.945385
3.974492,5210,-75.194973,-87.945385
3.975077,5210,-74.104167,-87.945385
3.980558,5210,-79.126694,-87.945385
3.984203,5210,-78.625638,-87.945385
3.984572,5210,-75.368057,-87.945385
3.984788,5210,-73.791817,-87.945385
3.985616,5210,-81.642774,-87.945385
3.987182,5210,-78.690926,-87.945385
3.988001,5210,-78.030202,-87.945385
3.994580,5210,-76.805520,-87.945385
4.001519,5210,-76.683324,-87.945385
4.002050,5210,-76.938717,-87.945385
4.002644,5210,-75.591843,-87.945385
4.002716,5210,-79.720996,-87.945385
4.003283,5210,-76.304325,-87.945385
4.005407,5210,-79.557827,-87.945385
4.008053,5210,-76.479731,-87.945385
4.014731,5210,-79.911192,-87.945385
4.014776,5210,-81.319550,-87.945385
4.020194,5210,-77.512910,-87.945385
4.020509,5210,-80.152770,-87.945385
4.020878,5210,-78.352614,-87.945385
4.021823,5210,-79.404417,-87.945385
4.022714,5210,-76.079342,-87.945385
4.027178,5210,-81.731389,-87.945385
4.029527,5210,-77.260441,-87.945385
4.037699,5210,-81.965869,-87.945385
4.039364,5210,-79.438336,-87.945385
4.040138,5210,-78.517739,-87.945385
4.041560,5210,-73.347915,-87.945385
4.043873,5210,-81.818120,-87.945385
4.045115,5210,-76.218189,-87.945385
4.053593,5210,-78.833253,-87.945385
4.053863,5210,-80.465573,-87.945385
4.054205,5210,-79.667787,-87.945385
4.054601,5210,-78.723218,-87.945385
4.055474,5210,-81.625448,-87.945385
4.056059,5210,-81.517621,-87.945385
4.056464,5210,-81.459009,-87.945385
4.060559,5210,-72.560748,-87.945385
4.067201,5210,-74.647262,-87.945385
4.067345,5210,-73.839932,-87.945385
4.067516,5210,-76.485865,-87.945385
4.071026,5210,-78.652872,-87.945385
4.074347,5210,-77.519478,-87.945385
4.080296,5210,-75.117611,-87.945385
4.084436,5210,-78.552437,-87.945385
4.084634,5210,-80.126054,-87.945385
4.084787,5210,-75.726319,-87.945385
4.085174,5210,-75.835262,-87.945385
4.085606,5210,-79.205203,-87.945385
4.086389,5210,-77.616556,-87.945385
4.092572,5210,-79.006511,-87.945385
4.093868,5210,-75.611823,-87.945385
4.094138,5210,-75.769692,-87.945385
4.094381,5210,-76.423749,-87.945385
4.094615,5210,-74.733749,-87.945385
4.094912,5210,-81.103080,-87.945385
4.095065,5210,-77.097785,-87.945385
4.096037,5210,-73.274705,-87.945385
4.103624,5210,-74.232490,-87.945385
4.103966,5210,-76.466597,-87.945385
4.104335,5210,-75.361214,-87.945385
4.105019,5210,-74.397694,-87.945385
4.106054,5210,-79.368966,-87.945385
4.108736,5210,-79.704078,-87.945385
4.113587,5210,-73.621182,-87.945385
4.121957,5210,-73.341731,-87.945385
4.122110,5210,-79.328690,-87.945385
4.122308,5210,-78.279285,-87.945385
4.122749,5210,-77.382205,-87.945385
4.123901,5210,-74.728027,-87.945385
4.126088,5210,-81.955097,-87.945385
4.130633,5210,-81.758853,-87.945385
4.139390,5210,-79.045456,-87.945385
4.142297,5210,-81.184411,-87.945385
4.143719,5210,-80.791603,-87.945385
4.144871,5210,-78.550478,-87.945385
4.149137,5210,-72.330745,-87.945385
4.155743,5210,-78.526526,-87.945385
4.163078,5210,-80.600840,-87.945385
4.163465,5210,-74.843346,-87.945385
4.163942,5210,-76.024876,-87.945385
4.164923,5210,-81.900455,-87.945385
4.165157,5210,-73.839449,-87.945385
4.170485,5210,-80.122000,-87.945385
4.177730,5210,-79.738778,-87.945385
4.177892,5210,-75.598109,-87.945385
4.178684,5210,-76.328252,-87.945385
4.181492,5210,-75.776580,-87.945385
4.186829,5210,-74.555690,-87.945385
4.189916,5210,-80.492944,-87.945385
4.190159,5210,-78.324031,-87.945385
4.190978,5210,-78.412855,-87.945385
4.192076,5210,-77.292106,-87.945385
4.194650,5210,-75.998026,-87.945385
4.211075,5210,-78.686618,-87.945385
4.211354,5210,-74.082882,-87.945385
4.211777,5210,-75.145029,-87.945385
4.212191,5210,-72.290392,-87.945385
4.214963,5210,-79.146656,-87.945385
4.216286,5210,-76.654994,-87.945385
4.218338,5210,-80.862286,-87.945385
4.225088,5210,-80.966576,-87.945385
4.225268,5210,-77.207508,-87.945385
4.225565,5210,-80.296571,-87.945385
4.226042,5210,-77.336760,-87.945385
4.226924,5210,-72.590725,-87.945385
4.227968,5210,-81.387862,-87.945385
4.230245,5210,-77.783808,-87.945385
4.239434,5210,-77.977878,-87.945385
4.239686,5210,-74.768555,-87.945385
4.239920,5210,-73.462361,-87.945385
4.240415,5210,-73.316895,-87.945385
4.241549,5210,-79.093333,-87.945385
4.242035,5210,-75.635147,-87.945385
4.242539,5210,-73.947127,-87.945385
4.248371,5210,-74.536802,-87.945385
4.252700,5210,-76.991990,-87.945385
4.252862,5210,-80.206182,-87.945385
4.253060,5210,-77.057496,-87.945385
4.253708,5210,-73.181965,-87.945385
4.254293,5210,-78.731604,-87.945385
4.258496,5210,-72.774602,-87.945385
4.260521,5210,-72.967136,-87.945385
4.261772,5210,-80.760887,-87.945385
4.262015,5210,-78.597087,-87.945385
4.262312,5210,-76.710213,-87.945385
4.262573,5210,-74.166623,-87.945385
4.263734,5210,-81.383167,-87.945385
4.264625,5210,-74.977815,-87.945385
4.275830,5210,-81.367747,-87.945385
4.276109,5210,-73.659948,-87.945385
4.276262,5210,-80.820394,-87.945385
4.276829,5210,-72.929308,-87.945385
4.277513,5210,-78.484844,-87.945385
4.277702,5210,-80.479865,-87.945385
4.278683,5210,-76.925787,-87.945385
4.285334,5210,-74.559958,-87.945385
4.292516,5210,-77.865550,-87.945385
4.292669,5210,-81.923748,-87.945385
4.294280,5210,-80.129360,-87.945385
4.295351,5210,-73.350580,-87.945385
4.299014,5210,-73.807277,-87.945385
4.302326,5210,-76.158030,-87.945385
4.306358,5210,-78.788590,-87.945385
4.306574,5210,-77.339840,-87.945385
4.307312,5210,-79.885238,-87.945385
4.307609,5210,-77.342542,-87.945385
4.309436,5210,-80.620552,-87.945385
4.310498,5210,-70.473900,-87.945385
4.313459,5210,-77.439291,-87.945385
4.320794,5210,-73.762034,-87.945385
4.320965,5210,-76.901358,-87.945385
4.321379,5210,-71.107614,-87.945385
4.321775,5210,-74.732292,-87.945385
4.322198,5210,-77.779107,-87.945385
4.322711,5210,-74.747803,-87.945385
4.323035,5210,-75.813298,-87.945385
4.328030,5210,-79.620156,-87.945385
4.329830,5210,-78.877024,-87.945385
4.330586,5210,-79.590847,-87.945385
4.330919,5210,-81.745300,-87.945385
4.331441,5210,-76.539205,-87.945385
4.333952,5210,-81.238372,-87.945385
4.338245,5210,-81.761939,-87.945385
4.345931,5210,-77.272425,-87.945385
4.346309,5210,-79.709909,-87.945385
4.347632,5210,-76.441532,-87.945385
4.349558,5210,-81.643084,-87.945385
4.350638,5210,-80.315512,-87.945385
4.351061,5210,-79.182898,-87.945385
4.356542,5210,-79.635374,-87.945385
4.357001,5210,-78.386474,-87.945385
4.357379,5210,-79.786466,-87.945385
4.358126,5210,-80.891416,-87.945385
4.361717,5210,-78.585776,-87.945385
4.365002,5210,-80.045565,-87.945385
4.372913,5210,-80.455925,-87.945385
4.373480,5210,-81.791734,-87.945385
4.374407,5210,-78.566005,-87.945385
4.376369,5210,-79.429881,-87.945385
4.386233,5210,-80.620405,-87.945385
4.392083,5210,-80.111063,-87.945385
4.403693,5210,-79.562832,-87.945385
4.412855,5210,-81.901365,-87.945385
4.413080,5210,-81.565314,-87.945385
6.027929,5210,-80.093302,-93.965985
6.949529,5210,-76.886279,-93.965985
7.051929,5210,-75.480812,-93.965985
7.154329,5210,-77.984487,-93.965985
7.256729,5210,-80.660892,-93.965985
7.871129,5210,-75.248592,-93.965985
7.973529,5210,-74.271821,-93.965985
8.178329,5210,-81.677680,-93.965985
8.280729,5210,-79.669425,-93.965985
8.383129,5210,-80.436073,-93.965985
8.587929,5210,-77.828315,-93.965985
8.792729,5210,-77.732274,-93.965985
8.792729,5210,-77.221712,-93.965985
8.874498,5210,-79.891645,-93.965985
8.874498,5210,-77.915706,-93.965985
8.874558,5210,-80.129222,-93.965985
8.874816,5210,-78.925601,-93.965985
8.874876,5210,-78.133550,-93.965985
8.874876,5210,-79.261477,-93.965985
8.874944,5210,-73.203617,-93.965985
8.875155,5210,-75.474909,-93.965985
8.875155,5210,-74.323782,-93.965985
8.875215,5210,-74.565342,-93.965985
8.875465,5210,-76.928683,-93.965985
8.875766,5210,-76.532201,-93.965985
8.875766,5210,-80.957992,-93.965985
8.875826,5210,-71.885762,-93.965985
8.875894,5210,-76.642001,-93.965985
8.889081,5210,-76.907534,-93.965985
8.889081,5210,-77.867727,-93.965985
8.889141,5210,-77.107859,-93.965985
8.889260,5210,-79.141130,-93.965985
8.889260,5210,-74.924133,-93.965985
8.889320,5210,-74.119852,-93.965985
8.889461,5210,-77.415919,-87.945385
8.889461,5210,-80.484540,-87.945385
8.889505,5210,-78.152539,-87.945385
8.889593,5210,-77.937576,-87.945385
8.889593,5210,-74.342037,-87.945385
8.889637,5210,-79.107114,-87.945385
8.889637,5210,-78.370230,-87.945385
8.889792,5210,-75.856285,-93.965985
8.889792,5210,-80.198676,-93.965985
8.890028,5210,-76.382808,-93.965985
8.890028,5210,-77.144153,-93.965985
8.890088,5210,-78.984204,-93.965985
8.890088,5210,-81.523097,-93.965985
8.890207,5210,-76.595394,-93.965985
8.890560,5210,-74.242259,-93.965985
8.891210,5210,-75.398774,-93.965985
8.891210,5210,-74.849222,-93.965985
8.891270,5210,-78.627097,-93.965985
8.891270,5210,-77.199814,-93.965985
8.891357,5210,-77.120674,-87.945385
8.891357,5210,-77.182456,-87.945385
8.891401,5210,-75.218399,-87.945385
8.891401,5210,-79.208992,-87.945385
8.891704,5210,-76.472791,-87.945385
8.891704,5210,-76.472791,-87.945385
8.891752,5210,-80.163287,-87.945385
8.892004,5210,-77.313764,-87.945385
8.892004,5210,-74.980652,-87.945385
8.892052,5210,-78.829096,-87.945385
8.892052,5210,-75.066922,-87.945385
8.895129,5210,-77.838142,-93.965985
8.895129,5210,-76.845080,-93.965985
8.902076,5210,-75.808489,-87.945385
8.902120,5210,-77.354959,-87.945385
8.902120,5210,-78.734244,-87.945385
8.910114,5210,-78.283529,-87.945385
8.910667,5210,-76.807317,-87.945385
8.910711,5210,-80.864676,-87.945385
8.920372,5210,-78.988102,-87.945385
8.920626,5210,-76.099904,-87.945385
8.926779,5210,-74.230499,-87.945385
8.932892,5210,-77.667581,-87.945385
8.932940,5210,-78.128251,-87.945385
8.933245,5210,-76.121574,-87.945385
8.933293,5210,-75.242393,-87.945385
8.935078,5210,-80.583942,-87.945385
8.935126,5210,-76.167807,-87.945385
8.940138,5210,-81.748615,-87.945385
8.940596,5210,-81.954928,-87.945385
8.940644,5210,-75.732735,-87.945385
8.940644,5210,-80.946622,-87.945385
8.950637,5210,-78.483923,-87.945385
8.950685,5210,-78.817622,-87.945385
8.970830,5210,-80.196122,-87.945385
8.970830,5210,-80.196122,-87.945385
8.970890,5210,-75.498874,-87.945385
8.970890,5210,-81.961603,-87.945385
8.980715,5210,-80.818317,-87.945385
8.980763,5210,-75.181326,-87.945385
8.981308,5210,-81.818747,-87.945385
8.981356,5210,-79.556274,-87.945385
8.981356,5210,-76.972382,-87.945385
8.990191,5210,-80.067370,-87.945385
8.990239,5210,-75.296034,-87.945385
8.997529,5210,-76.852960,-93.965985
8.997529,5210,-80.597965,-93.965985
9.000554,5210,-80.257870,-87.945385
9.000554,5210,-80.257870,-87.945385
9.000614,5210,-80.693646,-87.945385
9.000889,5210,-79.983208,-87.945385
9.000949,5210,-76.783697,-87.945385
9.003563,5210,-80.703265,-87.945385
9.004780,5210,-81.607736,-87.945385
9.004840,5210,-77.355824,-87.945385
9.048348,5210,-78.498367,-87.945385
9.048408,5210,-77.319253,-87.945385
9.099929,5210,-78.202870,-93.965985
9.340717,5210,-80.016584,-87.945385
9.343715,5210,-79.794314,-87.945385
9.352363,5210,-76.472719,-87.945385
9.353971,5210,-80.050148,-87.945385
9.358448,5210,-80.434252,-87.945385
9.363368,5210,-80.978838,-87.945385
9.363658,5210,-75.968721,-87.945385
9.365320,5210,-79.615212,-87.945385
9.368391,5210,-81.608688,-87.945385
9.384082,5210,-81.719758,-87.945385
9.384900,5210,-74.791321,-87.945385
9.386810,5210,-76.809314,-87.945385
9.387433,5210,-81.287547,-87.945385
9.394241,5210,-76.361233,-87.945385
9.394432,5210,-81.638943,-87.945385
9.394632,5210,-78.369322,-87.945385
9.395246,5210,-74.696794,-87.945385
9.396654,5210,-79.219100,-87.945385
9.403372,5210,-79.510262,-87.945385
9.406519,5210,-75.807269,-87.945385
9.406980,5210,-80.354202,-87.945385
9.407954,5210,-72.472857,-87.945385
9.409252,5210,-79.155557,-87.945385
9.413412,5210,-79.961258,-87.945385
9.419786,5210,-76.856398,-87.945385
9.427629,5210,-79.520497,-87.945385
9.428155,5210,-76.876417,-87.945385
9.428652,5210,-77.747874,-87.945385
9.430814,5210,-70.197185,-87.945385
9.434668,5210,-76.957508,-87.945385
9.438486,5210,-74.093845,-87.945385
9.442592,5210,-76.444580,-87.945385
9.442837,5210,-77.027729,-87.945385
9.443010,5210,-80.919672,-87.945385
9.444049,5210,-74.218617,-87.945385
9.446373,5210,-76.597267,-87.945385
9.450839,5210,-80.593092,-87.945385
9.455485,5210,-77.682577,-87.945385
9.455784,5210,-78.461384,-87.945385
9.457142,5210,-79.701921,-87.945385
9.459594,5210,-73.419686,-87.945385
9.464699,5210,-72.797116,-87.945385
9.470391,5210,-75.838680,-87.945385
9.470591,5210,-80.038520,-87.945385
9.471196,5210,-80.354709,-87.945385
9.471819,5210,-79.727442,-87.945385
9.476215,5210,-77.937120,-87.945385
9.478782,5210,-77.760551,-87.945385
9.487687,5210,-80.311573,-87.945385
9.488049,5210,-80.637701,-87.945385
9.488395,5210,-74.726143,-87.945385
9.490314,5210,-78.371272,-87.945385
9.499359,5210,-81.485414,-87.945385
9.503715,5210,-71.974583,-87.945385
9.503967,5210,-77.023392,-87.945385
9.504705,5210,-74.895245,-87.945385
9.507261,5210,-74.075027,-87.945385
9.509178,5210,-71.046352,-87.945385
9.516531,5210,-72.834708,-87.945385
9.516675,5210,-75.916458,-87.945385
9.517278,5210,-80.838339,-87.945385
9.519753,5210,-73.515549,-87.945385
9.521130,5210,-77.558514,-87.945385
9.535809,5210,-76.259249,-87.945385
9.536412,5210,-77.439356,-87.945385
9.536619,5210,-81.160837,-87.945385
9.537825,5210,-80.253014,-87.945385
9.538491,5210,-79.512689,-87.945385
9.538806,5210,-78.504793,-87.945385
9.545817,5210,-77.348040,-87.945385
9.546888,5210,-80.512532,-87.945385
9.547104,5210,-81.636813,-87.945385
9.547446,5210,-78.044310,-87.945385
9.547644,5210,-73.089633,-87.945385
9.548805,5210,-81.820552,-87.945385
9.549354,5210,-79.353991,-87.945385
9.553413,5210,-76.819205,-87.945385
9.559146,5210,-76.724493,-87.945385
9.559308,5210,-79.670669,-87.945385
9.560685,5210,-74.187401,-87.945385
9.561396,5210,-75.004707,-87.945385
9.563547,5210,-74.389083,-87.945385
9.564429,5210,-79.717602,-87.945385
9.564726,5210,-73.114267,-87.945385
9.564915,5210,-77.833912,-87.945385
9.565131,5210,-75.999549,-87.945385
9.565482,5210,-79.375710,-87.945385
9.566220,5210,-75.649757,-87.945385
9.569712,5210,-73.491658,-87.945385
9.573627,5210,-78.386024,-87.945385
9.580791,5210,-81.950624,-87.945385
9.580953,5210,-78.073765,-87.945385
9.581169,5210,-76.268685,-87.945385
9.582357,5210,-77.922280,-87.945385
9.594030,5210,-79.350556,-87.945385
9.599781,5210,-78.312062,-87.945385
9.599997,5210,-80.289407,-87.945385
9.600276,5210,-80.892785,-87.945385
9.600564,5210,-77.187468,-87.945385
9.601311,5210,-76.672620,-87.945385
9.602517,5210,-79.592061,-87.945385
9.606927,5210,-81.762401,-87.945385
9.607620,5210,-76.974823,-87.945385
9.608097,5210,-76.435084,-87.945385
9.608592,5210,-81.993878,-87.945385
9.609465,5210,-78.081149,-87.945385
9.611139,5210,-79.406086,-87.945385
9.614613,5210,-77.165048,-87.945385
9.620715,5210,-81.663128,-87.945385
9.621435,5210,-81.604095,-87.945385
9.621831,5210,-81.497839,-87.945385
9.624414,5210,-78.481154,-87.945385
9.626367,5210,-80.401909,-87.945385
9.632820,5210,-79.496727,-87.945385
10.943129,5210,-80.657798,-93.965985
11.045529,5210,-78.269321,-93.965985
15.039129,5210,-71.047258,-93.965985
15.064171,5210,-75.473099,-93.965985
15.064231,5210,-75.885713,-93.965985
15.064299,5210,-79.418254,-93.965985
15.064557,5210,-74.941378,-93.965985
15.064617,5210,-75.973492,-93.965985
15.064685,5210,-80.330663,-93.965985
15.078079,5210,-75.546135,-93.965985
15.078139,5210,-80.576326,-93.965985
15.078258,5210,-80.952588,-93.965985
15.078318,5210,-79.454116,-93.965985
15.078627,5210,-75.984918,-87.945385
15.078671,5210,-77.024271,-87.945385
15.078826,5210,-79.875953,-93.965985
15.079053,5210,-74.201428,-93.965985
15.079232,5210,-78.262423,-93.965985
15.079292,5210,-81.591967,-93.965985
15.079600,5210,-71.571205,-93.965985
15.079779,5210,-74.756404,-93.965985
15.079839,5210,-76.634459,-93.965985
15.079994,5210,-75.070598,-93.965985
15.080054,5210,-78.829151,-93.965985
15.080173,5210,-76.508408,-93.965985
15.080233,5210,-79.849126,-93.965985
15.080749,5210,-76.125067,-87.945385
15.080793,5210,-75.842982,-87.945385
15.081189,5210,-78.258487,-87.945385
15.082320,5210,-77.656879,-87.945385
15.083970,5210,-73.878640,-87.945385
15.084018,5210,-77.198764,-87.945385
15.085067,5210,-78.072999,-87.945385
15.086116,5210,-77.493920,-87.945385
15.086164,5210,-77.188682,-87.945385
15.086413,5210,-75.066034,-87.945385
15.086413,5210,-75.066034,-87.945385
15.086461,5210,-80.196083,-87.945385
15.090117,5210,-75.006911,-87.945385
15.090161,5210,-76.915153,-87.945385
15.100117,5210,-73.026928,-87.945385
15.100434,5210,-78.063024,-87.945385
15.100478,5210,-79.118965,-87.945385
15.110143,5210,-76.358126,-87.945385
15.110191,5210,-78.477770,-87.945385
15.120329,5210,-77.771356,-87.945385
15.120373,5210,-74.980810,-87.945385
15.130137,5210,-76.828552,-87.945385
15.130185,5210,-78.208817,-87.945385
15.140114,5210,-74.420472,-87.945385
15.140158,5210,-72.014887,-87.945385
15.141529,5210,-76.636415,-93.965985
15.150287,5210,-73.847430,-87.945385
15.150331,5210,-81.068668,-87.945385
15.160092,5210,-72.745425,-87.945385
15.160136,5210,-78.780395,-87.945385
15.170095,5210,-72.767276,-87.945385
15.170139,5210,-79.037578,-87.945385
15.184213,5210,-73.247756,-87.945385
15.184257,5210,-79.589110,-87.945385
15.192274,5210,-74.618356,-87.945385
15.214016,5210,-75.631113,-87.945385
15.214064,5210,-77.232101,-87.945385
15.214358,5210,-73.809221,-87.945385
15.214358,5210,-73.809221,-87.945385
15.215264,5210,-78.897552,-87.945385
15.222527,5210,-72.818067,-87.945385
15.228875,5210,-78.238956,-87.945385
15.228923,5210,-73.688768,-87.945385
15.229183,5210,-75.627078,-87.945385
15.229231,5210,-78.278344,-87.945385
15.230115,5210,-77.531325,-87.945385
15.230159,5210,-78.541137,-87.945385
15.240115,5210,-76.445654,-87.945385
15.240315,5210,-76.437010,-87.945385
15.240359,5210,-75.882825,-87.945385
15.243929,5210,-78.139234,-93.965985
15.250114,5210,-77.047774,-87.945385
15.250158,5210,-80.503206,-87.945385
15.260114,5210,-78.226642,-87.945385
15.260158,5210,-71.632598,-87.945385
15.270138,5210,-75.631133,-87.945385
15.270569,5210,-73.822601,-87.945385
15.270617,5210,-80.503458,-87.945385
15.285425,5210,-73.366874,-87.945385
15.294235,5210,-76.360994,-87.945385
15.294283,5210,-81.792257,-87.945385
15.302328,5210,-75.823345,-87.945385
15.302372,5210,-77.501752,-87.945385
15.310114,5210,-77.776111,-87.945385
15.310314,5210,-78.290776,-87.945385
15.310514,5210,-77.193628,-87.945385
15.310558,5210,-77.975516,-87.945385
15.321618,5210,-76.731697,-87.945385
15.321662,5210,-79.120814,-87.945385
15.330115,5210,-76.502702,-87.945385
15.330594,5210,-75.656109,-87.945385
15.330638,5210,-79.491128,-87.945385
15.341536,5210,-77.063509,-87.945385
15.341580,5210,-76.964452,-87.945385
15.350114,5210,-79.337535,-87.945385
15.365637,5210,-79.212603,-87.945385
15.367446,5210,-80.516925,-87.945385
15.404565,5210,-80.402327,-87.945385
16.573776,5210,-81.820267,-87.945385
16.603962,5210,-81.413585,-87.945385
16.630809,5210,-80.756664,-87.945385
16.658376,5210,-80.349600,-87.945385
16.667412,5210,-81.003759,-87.945385
16.668006,5210,-81.623486,-87.945385
16.668375,5210,-79.094797,-87.945385
16.679364,5210,-81.953239,-87.945385
16.683945,5210,-80.276264,-87.945385
16.695672,5210,-78.098755,-87.945385
16.708038,5210,-80.789850,-87.945385
16.713051,5210,-79.024524,-87.945385
16.717407,5210,-81.307350,-87.945385
16.726083,5210,-80.167551,-87.945385
16.727046,5210,-79.441245,-87.945385
16.732014,5210,-81.972268,-87.945385
16.741140,5210,-80.284394,-87.945385
16.742112,5210,-80.343591,-87.945385
16.754028,5210,-80.479218,-87.945385
16.754433,5210,-80.635271,-87.945385
16.758969,5210,-78.214211,-87.945385
16.984729,5210,-78.628405,-93.965985
16.984729,5210,-79.861858,-93.965985
17.087129,5210,-78.692101,-93.965985
17.189529,5210,-72.075938,-93.965985
17.189529,5210,-76.156919,-93.965985
17.291929,5210,-71.805563,-93.965985
17.394329,5210,-81.680436,-93.965985
17.394329,5210,-80.547661,-93.965985
17.496729,5210,-71.685968,-93.965985
17.496729,5210,-75.508387,-93.965985
17.599129,5210,-75.754377,-93.965985
17.701529,5210,-78.167640,-93.965985
17.803929,5210,-74.486031,-93.965985
17.906329,5210,-80.068474,-93.965985
18.008729,5210,-76.779420,-93.965985
18.111129,5210,-77.931849,-93.965985
18.213529,5210,-74.061880,-93.965985
18.213529,5210,-77.962314,-93.965985
18.315929,5210,-77.961162,-93.965985
18.418329,5210,-76.814561,-93.965985
18.520729,5210,-74.740037,-93.965985
18.520729,5210,-78.948157,-93.965985
18.623129,5210,-75.549143,-93.965985
18.623129,5210,-75.285094,-93.965985
18.725529,5210,-80.292106,-93.965985
18.725529,5210,-81.533035,-93.965985
18.827929,5210,-71.875379,-93.965985
18.827929,5210,-81.588357,-93.965985
18.930329,5210,-77.067113,-93.965985
18.930329,5210,-81.163570,-93.965985
19.032729,5210,-77.981511,-93.965985
19.032729,5210,-77.034850,-93.965985
19.135129,5210,-75.127408,-93.965985
19.135129,5210,-76.885340,-93.965985
19.237529,5210,-81.982196,-93.965985
19.339929,5210,-76.405604,-93.965985
19.442329,5210,-73.821694,-93.965985
19.544729,5210,-75.994555,-93.965985
19.647129,5210,-80.623870,-93.965985
19.851929,5210,-78.512910,-93.965985
19.851929,5210,-81.169572,-93.965985
19.869220,5210,-79.985834,-93.965985
19.869280,5210,-80.589739,-93.965985
19.869538,5210,-80.887813,-93.965985
19.870234,5210,-80.228788,-93.965985
19.870867,5210,-81.364065,-93.965985
19.891437,5210,-80.162435,-87.945385
19.895693,5210,-81.980881,-87.945385
19.901455,5210,-80.327782,-87.945385
19.906922,5210,-78.789867,-87.945385
19.909801,5210,-81.419376,-87.945385
19.909861,5210,-80.206492,-87.945385
19.910208,5210,-78.422372,-87.945385
19.913747,5210,-81.441892,-87.945385
19.913807,5210,-78.968555,-87.945385
19.917034,5210,-79.957690,-87.945385
19.917692,5210,-80.857848,-87.945385
19.917740,5210,-79.814473,-87.945385
20.880044,5210,-81.641408,-87.945385
20.880605,5210,-81.436414,-87.945385
20.881349,5210,-77.645606,-87.945385
20.884979,5210,-75.263635,-87.945385
20.885966,5210,-78.515065,-87.945385
30.603929,5210,-75.955989,-93.965985
30.706329,5210,-79.560663,-93.965985
30.808729,5210,-81.459320,-93.965985
